{"v":"5.5.2","fr":29.9700012207031,"ip":0,"op":90.0000036657751,"w":360,"h":160,"nm":"Comp 1","ddd":0,"assets":[{"id":"comp_0","layers":[{"ddd":0,"ind":1,"ty":4,"nm":"check Outlines","sr":1,"ks":{"o":{"a":0,"k":100,"ix":11},"r":{"a":0,"k":0,"ix":10},"p":{"a":0,"k":[400,300,0],"ix":2},"a":{"a":0,"k":[306,396,0],"ix":1},"s":{"a":0,"k":[85.354,85.354,100],"ix":6}},"ao":0,"hasMask":true,"masksProperties":[{"inv":false,"mode":"n","pt":{"a":0,"k":{"i":[[0,0],[0,0],[0,0]],"o":[[0,0],[0,0],[0,0]],"v":[[118.544,384.284],[242.734,513.16],[495.799,260.095]],"c":false},"ix":1},"o":{"a":0,"k":100,"ix":3},"x":{"a":0,"k":0,"ix":4},"nm":"Mask 1"}],"ef":[{"ty":22,"nm":"Trazo","np":13,"mn":"ADBE Stroke","ix":1,"en":1,"ef":[{"ty":10,"nm":"Trazado","mn":"ADBE Stroke-0001","ix":1,"v":{"a":0,"k":0,"ix":1}},{"ty":7,"nm":"Todas las máscaras","mn":"ADBE Stroke-0010","ix":2,"v":{"a":0,"k":1,"ix":2}},{"ty":7,"nm":"Secuencia de trazos","mn":"ADBE Stroke-0011","ix":3,"v":{"a":0,"k":1,"ix":3}},{"ty":2,"nm":"Color","mn":"ADBE Stroke-0002","ix":4,"v":{"a":0,"k":[1,1,1,1],"ix":4}},{"ty":0,"nm":"Tamaño del pincel","mn":"ADBE Stroke-0003","ix":5,"v":{"a":0,"k":18.4,"ix":5}},{"ty":0,"nm":"Dureza del pincel","mn":"ADBE Stroke-0004","ix":6,"v":{"a":0,"k":0.75,"ix":6}},{"ty":0,"nm":"Opacidad","mn":"ADBE Stroke-0005","ix":7,"v":{"a":0,"k":1,"ix":7}},{"ty":0,"nm":"Inicio","mn":"ADBE Stroke-0008","ix":8,"v":{"a":0,"k":0,"ix":8}},{"ty":0,"nm":"Fin","mn":"ADBE Stroke-0009","ix":9,"v":{"a":1,"k":[{"i":{"x":[0.667],"y":[1]},"o":{"x":[0.772],"y":[0]},"t":4,"s":[0]},{"t":16.0000006516934,"s":[100]}],"ix":9}},{"ty":7,"nm":"Espaciado","mn":"ADBE Stroke-0006","ix":10,"v":{"a":0,"k":0,"ix":10}},{"ty":7,"nm":"Estilo de pintura","mn":"ADBE Stroke-0007","ix":11,"v":{"a":0,"k":3,"ix":11}}]}],"shapes":[{"ty":"gr","it":[{"ind":0,"ty":"sh","ix":1,"ks":{"a":0,"k":{"i":[[6.653,6.654],[6.655,-6.654],[0,0],[0,0],[6.654,-6.653],[-6.654,-6.654],[0,0],[-6.648,6.649],[0,0]],"o":[[-6.653,-6.654],[0,0],[0,0],[-6.653,-6.654],[-6.654,6.653],[0,0],[6.651,6.654],[0,0],[6.653,-6.654]],"v":[[165.385,-120.131],[141.29,-120.131],[-62.829,83.99],[-141.289,5.53],[-165.383,5.53],[-165.383,29.624],[-74.876,120.13],[-50.783,120.13],[165.385,-96.036]],"c":true},"ix":2},"nm":"Path 1","mn":"ADBE Vector Shape - Group","hd":false},{"ty":"fl","c":{"a":0,"k":[0.999999940162,0.999999940162,1,1],"ix":4},"o":{"a":0,"k":100,"ix":5},"r":1,"bm":0,"nm":"Fill 1","mn":"ADBE Vector Graphic - Fill","hd":false},{"ty":"tr","p":{"a":0,"k":[306.786,403.95],"ix":2},"a":{"a":0,"k":[0,0],"ix":1},"s":{"a":0,"k":[100,100],"ix":3},"r":{"a":0,"k":0,"ix":6},"o":{"a":0,"k":100,"ix":7},"sk":{"a":0,"k":0,"ix":4},"sa":{"a":0,"k":0,"ix":5},"nm":"Transformar"}],"nm":"Group 2","np":2,"cix":2,"bm":0,"ix":1,"mn":"ADBE Vector Group","hd":false}],"ip":0,"op":150.000006109625,"st":0,"bm":0},{"ddd":0,"ind":2,"ty":4,"nm":"check Outlines","sr":1,"ks":{"o":{"a":0,"k":100,"ix":11},"r":{"a":0,"k":0,"ix":10},"p":{"a":0,"k":[400,300,0],"ix":2},"a":{"a":0,"k":[306,396,0],"ix":1},"s":{"a":0,"k":[85.354,85.354,100],"ix":6}},"ao":0,"ef":[{"ty":26,"nm":"Barrido radial","np":7,"mn":"ADBE Radial Wipe","ix":1,"en":1,"ef":[{"ty":0,"nm":"Finalización de la transición","mn":"ADBE Radial Wipe-0001","ix":1,"v":{"a":1,"k":[{"i":{"x":[0.667],"y":[1]},"o":{"x":[0.807],"y":[0]},"t":11,"s":[100]},{"t":36.0000014663101,"s":[0]}],"ix":1}},{"ty":0,"nm":"Ángulo de inicio","mn":"ADBE Radial Wipe-0002","ix":2,"v":{"a":0,"k":42,"ix":2}},{"ty":3,"nm":"Centro del barrido","mn":"ADBE Radial Wipe-0003","ix":3,"v":{"a":0,"k":[400,300],"ix":3}},{"ty":7,"nm":"Barrido","mn":"ADBE Radial Wipe-0004","ix":4,"v":{"a":1,"k":[{"t":0,"s":[1],"h":1},{"t":11.0000004480392,"s":[1],"h":1}],"ix":4}},{"ty":0,"nm":"Calado","mn":"ADBE Radial Wipe-0005","ix":5,"v":{"a":0,"k":0,"ix":5}}]}],"shapes":[{"ty":"gr","it":[{"ind":0,"ty":"sh","ix":1,"ks":{"a":0,"k":{"i":[[166.665,0],[0,166.665],[-166.665,0],[-46.48,-27.656],[4.076,-6.829],[6.864,4.088],[49.245,0],[0,-150.804],[-150.804,0],[0,150.805],[4.755,20.335],[-7.732,1.805],[-1.805,-7.754],[0,-23.357]],"o":[[-166.665,0],[0,-166.665],[54.423,0],[6.841,4.065],[-4.053,6.806],[-42.053,-25.009],[-150.804,0],[0,150.805],[150.805,0],[0,-21.155],[-1.828,-7.731],[7.661,-1.733],[5.27,22.468],[0,166.665]],"v":[[0,302.264],[-302.265,-0.001],[0,-302.264],[154.248,-259.99],[159.262,-240.264],[139.536,-235.249],[0,-273.473],[-273.495,-0.001],[0,273.494],[273.495,-0.001],[266.327,-62.505],[277.057,-79.796],[294.347,-69.065],[302.265,-0.001]],"c":true},"ix":2},"nm":"Path 1","mn":"ADBE Vector Shape - Group","hd":false},{"ty":"fl","c":{"a":0,"k":[0.999999940162,0.999999940162,1,1],"ix":4},"o":{"a":0,"k":100,"ix":5},"r":1,"bm":0,"nm":"Fill 1","mn":"ADBE Vector Graphic - Fill","hd":false},{"ty":"tr","p":{"a":0,"k":[306.782,396.111],"ix":2},"a":{"a":0,"k":[0,0],"ix":1},"s":{"a":0,"k":[100,100],"ix":3},"r":{"a":0,"k":0,"ix":6},"o":{"a":0,"k":100,"ix":7},"sk":{"a":0,"k":0,"ix":4},"sa":{"a":0,"k":0,"ix":5},"nm":"Transformar"}],"nm":"Group 1","np":2,"cix":2,"bm":0,"ix":1,"mn":"ADBE Vector Group","hd":false}],"ip":0,"op":150.000006109625,"st":0,"bm":0}]}],"layers":[{"ddd":0,"ind":1,"ty":4,"nm":"dedos/Onboarding-v2 contornos","sr":1,"ks":{"o":{"a":0,"k":100,"ix":11},"r":{"a":0,"k":0,"ix":10},"p":{"a":0,"k":[180,80,0],"ix":2},"a":{"a":0,"k":[180,86,0],"ix":1},"s":{"a":0,"k":[100,100,100],"ix":6}},"ao":0,"shapes":[{"ty":"gr","it":[{"ind":0,"ty":"sh","ix":1,"ks":{"a":0,"k":{"i":[[3.245,-2.849],[0.184,-0.209],[-2.706,-2.386],[0,0],[-3.245,2.849],[-0.184,0.209],[2.706,2.386],[0,0]],"o":[[-0.209,0.184],[-2.386,2.706],[0,0],[3.239,2.856],[0.209,-0.183],[2.385,-2.706],[0,0],[-3.238,-2.856]],"v":[[-9.592,-8.373],[-10.182,-7.784],[-9.602,1.436],[-1.747,8.361],[9.593,8.372],[10.183,7.783],[9.603,-1.436],[1.748,-8.361]],"c":true},"ix":2},"nm":"Trazado 1","mn":"ADBE Vector Shape - Group","hd":false},{"ty":"st","c":{"a":0,"k":[0.2,0.2,0.2,1],"ix":3},"o":{"a":0,"k":100,"ix":4},"w":{"a":0,"k":1,"ix":5},"lc":1,"lj":1,"ml":4,"bm":0,"nm":"Trazo 1","mn":"ADBE Vector Graphic - Stroke","hd":false},{"ty":"tr","p":{"a":0,"k":[208.111,115.425],"ix":2},"a":{"a":0,"k":[0,0],"ix":1},"s":{"a":0,"k":[100,100],"ix":3},"r":{"a":0,"k":0,"ix":6},"o":{"a":0,"k":100,"ix":7},"sk":{"a":0,"k":0,"ix":4},"sa":{"a":0,"k":0,"ix":5},"nm":"Transformar"}],"nm":"Grupo 1","np":2,"cix":2,"bm":0,"ix":1,"mn":"ADBE Vector Group","hd":false},{"ty":"gr","it":[{"ind":0,"ty":"sh","ix":1,"ks":{"a":0,"k":{"i":[[3.245,-2.849],[0.184,-0.209],[-2.706,-2.386],[0,0],[-3.245,2.849],[-0.184,0.209],[2.706,2.386],[0,0]],"o":[[-0.209,0.184],[-2.386,2.706],[0,0],[3.239,2.856],[0.209,-0.183],[2.385,-2.706],[0,0],[-3.238,-2.856]],"v":[[-9.592,-8.373],[-10.182,-7.784],[-9.602,1.436],[-1.747,8.361],[9.593,8.372],[10.183,7.783],[9.603,-1.436],[1.748,-8.361]],"c":true},"ix":2},"nm":"Trazado 1","mn":"ADBE Vector Shape - Group","hd":false},{"ty":"fl","c":{"a":0,"k":[1,1,1,1],"ix":4},"o":{"a":0,"k":100,"ix":5},"r":1,"bm":0,"nm":"Relleno 1","mn":"ADBE Vector Graphic - Fill","hd":false},{"ty":"tr","p":{"a":0,"k":[208.111,115.425],"ix":2},"a":{"a":0,"k":[0,0],"ix":1},"s":{"a":0,"k":[100,100],"ix":3},"r":{"a":0,"k":0,"ix":6},"o":{"a":0,"k":100,"ix":7},"sk":{"a":0,"k":0,"ix":4},"sa":{"a":0,"k":0,"ix":5},"nm":"Transformar"}],"nm":"Grupo 2","np":4,"cix":2,"bm":0,"ix":2,"mn":"ADBE Vector Group","hd":false},{"ty":"gr","it":[{"ind":0,"ty":"sh","ix":1,"ks":{"a":0,"k":{"i":[[3.245,-2.849],[0.184,-0.209],[-2.706,-2.386],[0,0],[-3.246,2.849],[-0.184,0.208],[2.706,2.386],[0,0]],"o":[[-0.209,0.184],[-2.386,2.705],[0,0],[3.239,2.857],[0.209,-0.183],[2.386,-2.706],[0,0],[-3.238,-2.856]],"v":[[-9.592,-8.372],[-10.182,-7.783],[-9.602,1.436],[-1.747,8.36],[9.594,8.373],[10.183,7.784],[9.603,-1.436],[1.748,-8.361]],"c":true},"ix":2},"nm":"Trazado 1","mn":"ADBE Vector Shape - Group","hd":false},{"ty":"st","c":{"a":0,"k":[0.2,0.2,0.2,1],"ix":3},"o":{"a":0,"k":100,"ix":4},"w":{"a":0,"k":1,"ix":5},"lc":1,"lj":1,"ml":4,"bm":0,"nm":"Trazo 1","mn":"ADBE Vector Graphic - Stroke","hd":false},{"ty":"tr","p":{"a":0,"k":[210.613,97.699],"ix":2},"a":{"a":0,"k":[0,0],"ix":1},"s":{"a":0,"k":[100,100],"ix":3},"r":{"a":0,"k":0,"ix":6},"o":{"a":0,"k":100,"ix":7},"sk":{"a":0,"k":0,"ix":4},"sa":{"a":0,"k":0,"ix":5},"nm":"Transformar"}],"nm":"Grupo 3","np":2,"cix":2,"bm":0,"ix":3,"mn":"ADBE Vector Group","hd":false},{"ty":"gr","it":[{"ind":0,"ty":"sh","ix":1,"ks":{"a":0,"k":{"i":[[3.245,-2.849],[0.184,-0.209],[-2.706,-2.386],[0,0],[-3.246,2.849],[-0.184,0.208],[2.706,2.386],[0,0]],"o":[[-0.209,0.184],[-2.386,2.705],[0,0],[3.239,2.857],[0.209,-0.183],[2.386,-2.706],[0,0],[-3.238,-2.856]],"v":[[-9.592,-8.372],[-10.182,-7.783],[-9.602,1.436],[-1.747,8.36],[9.594,8.373],[10.183,7.784],[9.603,-1.436],[1.748,-8.361]],"c":true},"ix":2},"nm":"Trazado 1","mn":"ADBE Vector Shape - Group","hd":false},{"ty":"fl","c":{"a":0,"k":[1,1,1,1],"ix":4},"o":{"a":0,"k":100,"ix":5},"r":1,"bm":0,"nm":"Relleno 1","mn":"ADBE Vector Graphic - Fill","hd":false},{"ty":"tr","p":{"a":0,"k":[210.613,97.699],"ix":2},"a":{"a":0,"k":[0,0],"ix":1},"s":{"a":0,"k":[100,100],"ix":3},"r":{"a":0,"k":0,"ix":6},"o":{"a":0,"k":100,"ix":7},"sk":{"a":0,"k":0,"ix":4},"sa":{"a":0,"k":0,"ix":5},"nm":"Transformar"}],"nm":"Grupo 4","np":4,"cix":2,"bm":0,"ix":4,"mn":"ADBE Vector Group","hd":false},{"ty":"gr","it":[{"ind":0,"ty":"sh","ix":1,"ks":{"a":0,"k":{"i":[[3.245,-2.849],[0.184,-0.209],[-2.706,-2.386],[0,0],[-3.246,2.849],[-0.183,0.209],[2.705,2.386],[0,0]],"o":[[-0.209,0.184],[-2.386,2.705],[0,0],[3.239,2.855],[0.209,-0.184],[2.386,-2.706],[0,0],[-3.239,-2.856]],"v":[[-9.592,-8.373],[-10.182,-7.784],[-9.603,1.436],[-1.747,8.361],[9.593,8.372],[10.182,7.784],[9.603,-1.436],[1.748,-8.361]],"c":true},"ix":2},"nm":"Trazado 1","mn":"ADBE Vector Shape - Group","hd":false},{"ty":"st","c":{"a":0,"k":[0.2,0.2,0.2,1],"ix":3},"o":{"a":0,"k":100,"ix":4},"w":{"a":0,"k":1,"ix":5},"lc":1,"lj":1,"ml":4,"bm":0,"nm":"Trazo 1","mn":"ADBE Vector Graphic - Stroke","hd":false},{"ty":"tr","p":{"a":0,"k":[213.627,80.528],"ix":2},"a":{"a":0,"k":[0,0],"ix":1},"s":{"a":0,"k":[100,100],"ix":3},"r":{"a":0,"k":0,"ix":6},"o":{"a":0,"k":100,"ix":7},"sk":{"a":0,"k":0,"ix":4},"sa":{"a":0,"k":0,"ix":5},"nm":"Transformar"}],"nm":"Grupo 5","np":2,"cix":2,"bm":0,"ix":5,"mn":"ADBE Vector Group","hd":false},{"ty":"gr","it":[{"ind":0,"ty":"sh","ix":1,"ks":{"a":0,"k":{"i":[[3.245,-2.849],[0.184,-0.209],[-2.706,-2.386],[0,0],[-3.246,2.849],[-0.183,0.209],[2.705,2.386],[0,0]],"o":[[-0.209,0.184],[-2.386,2.705],[0,0],[3.239,2.855],[0.209,-0.184],[2.386,-2.706],[0,0],[-3.239,-2.856]],"v":[[-9.592,-8.373],[-10.182,-7.784],[-9.603,1.436],[-1.747,8.361],[9.593,8.372],[10.182,7.784],[9.603,-1.436],[1.748,-8.361]],"c":true},"ix":2},"nm":"Trazado 1","mn":"ADBE Vector Shape - Group","hd":false},{"ty":"fl","c":{"a":0,"k":[1,1,1,1],"ix":4},"o":{"a":0,"k":100,"ix":5},"r":1,"bm":0,"nm":"Relleno 1","mn":"ADBE Vector Graphic - Fill","hd":false},{"ty":"tr","p":{"a":0,"k":[213.627,80.528],"ix":2},"a":{"a":0,"k":[0,0],"ix":1},"s":{"a":0,"k":[100,100],"ix":3},"r":{"a":0,"k":0,"ix":6},"o":{"a":0,"k":100,"ix":7},"sk":{"a":0,"k":0,"ix":4},"sa":{"a":0,"k":0,"ix":5},"nm":"Transformar"}],"nm":"Grupo 6","np":4,"cix":2,"bm":0,"ix":6,"mn":"ADBE Vector Group","hd":false}],"ip":0,"op":90.0000036657751,"st":0,"bm":0},{"ddd":0,"ind":2,"ty":4,"nm":"Capa de formas 5","sr":1,"ks":{"o":{"a":0,"k":100,"ix":11},"r":{"a":0,"k":0,"ix":10},"p":{"a":0,"k":[180.75,72.5,0],"ix":2},"a":{"a":0,"k":[0,0,0],"ix":1},"s":{"a":0,"k":[100,100,100],"ix":6}},"ao":0,"hasMask":true,"masksProperties":[{"inv":false,"mode":"a","pt":{"a":0,"k":{"i":[[0,0],[0,0],[0,0],[0,0]],"o":[[0,0],[0,0],[0,0],[0,0]],"v":[[107.088,-40.312],[35.275,-40.312],[35.499,55.125],[107.25,55.75]],"c":true},"ix":1},"o":{"a":0,"k":100,"ix":3},"x":{"a":0,"k":0,"ix":4},"nm":"Máscara 1"},{"inv":false,"mode":"a","pt":{"a":0,"k":{"i":[[0,0],[0,0],[0,0],[0,0]],"o":[[0,0],[0,0],[0,0],[0,0]],"v":[[49.512,-21.25],[49.25,-21.25],[49.25,-21.063],[49.512,-21.063]],"c":true},"ix":1},"o":{"a":0,"k":100,"ix":3},"x":{"a":0,"k":0,"ix":4},"nm":"Máscara 2"}],"shapes":[{"ty":"gr","it":[{"d":1,"ty":"el","s":{"a":0,"k":[145.461,145.461],"ix":2},"p":{"a":0,"k":[0,0],"ix":3},"nm":"Trazado elíptico 1","mn":"ADBE Vector Shape - Ellipse","hd":false},{"ty":"fl","c":{"a":0,"k":[1,1,1,1],"ix":4},"o":{"a":0,"k":100,"ix":5},"r":1,"bm":0,"nm":"Relleno 1","mn":"ADBE Vector Graphic - Fill","hd":false},{"ty":"tr","p":{"a":0,"k":[71.25,9],"ix":2},"a":{"a":0,"k":[0,0],"ix":1},"s":{"a":1,"k":[{"i":{"x":[0.833,0.833],"y":[0.833,0.833]},"o":{"x":[0.167,0.167],"y":[0.167,0.167]},"t":85,"s":[0,0]},{"t":90.0000036657751,"s":[100,100]}],"ix":3},"r":{"a":0,"k":0,"ix":6},"o":{"a":1,"k":[{"i":{"x":[0.833],"y":[0.833]},"o":{"x":[0.167],"y":[0.167]},"t":85,"s":[20]},{"t":89.0000036250443,"s":[100]}],"ix":7},"sk":{"a":0,"k":0,"ix":4},"sa":{"a":0,"k":0,"ix":5},"nm":"Transformar"}],"nm":"Elipse 1","np":3,"cix":2,"bm":0,"ix":1,"mn":"ADBE Vector Group","hd":false}],"ip":0,"op":90.0000036657751,"st":0,"bm":0},{"ddd":0,"ind":3,"ty":0,"nm":"Comp 1","refId":"comp_0","sr":1,"ks":{"o":{"a":1,"k":[{"i":{"x":[0.833],"y":[0.833]},"o":{"x":[0.167],"y":[0.167]},"t":90,"s":[100]},{"t":91.000003706506,"s":[0]}],"ix":11},"r":{"a":0,"k":0,"ix":10},"p":{"a":0,"k":[252,79.75,0],"ix":2},"a":{"a":0,"k":[400,300,0],"ix":1},"s":{"a":1,"k":[{"i":{"x":[0.833,0.833,0.833],"y":[0.833,0.833,0.833]},"o":{"x":[0.167,0.167,0.167],"y":[0.167,0.167,0.167]},"t":86,"s":[6,6,100]},{"i":{"x":[0.833,0.833,0.833],"y":[0.833,0.833,0.833]},"o":{"x":[0.167,0.167,0.167],"y":[0.167,0.167,0.167]},"t":90,"s":[7,7,100]},{"t":92.0000037472368,"s":[5,5,100]}],"ix":6}},"ao":0,"w":800,"h":600,"ip":41.0000016699642,"op":191.000007779589,"st":41.0000016699642,"bm":0},{"ddd":0,"ind":4,"ty":4,"nm":"Capa de formas 4","sr":1,"ks":{"o":{"a":0,"k":100,"ix":11},"r":{"a":0,"k":0,"ix":10},"p":{"a":0,"k":[179.75,75.5,0],"ix":2},"a":{"a":0,"k":[0,0,0],"ix":1},"s":{"a":0,"k":[100,100,100],"ix":6}},"ao":0,"hasMask":true,"masksProperties":[{"inv":false,"mode":"a","pt":{"a":0,"k":{"i":[[0,0],[0,0],[0,0],[0,0]],"o":[[0,0],[0,0],[0,0],[0,0]],"v":[[108.507,-43.125],[36.38,-42.936],[36.5,53],[108.25,53.216]],"c":true},"ix":1},"o":{"a":0,"k":100,"ix":3},"x":{"a":0,"k":0,"ix":4},"nm":"Máscara 1"}],"shapes":[{"ty":"gr","it":[{"d":1,"ty":"el","s":{"a":0,"k":[120.985,120.985],"ix":2},"p":{"a":0,"k":[0,0],"ix":3},"nm":"Trazado elíptico 1","mn":"ADBE Vector Shape - Ellipse","hd":false},{"ty":"fl","c":{"a":0,"k":[0,0.619607843137,0.890196078431,1],"ix":4},"o":{"a":0,"k":100,"ix":5},"r":1,"bm":0,"nm":"Relleno 1","mn":"ADBE Vector Graphic - Fill","hd":false},{"ty":"tr","p":{"a":0,"k":[70.338,4.853],"ix":2},"a":{"a":0,"k":[0,0],"ix":1},"s":{"a":1,"k":[{"i":{"x":[0.822,0.822],"y":[1,1]},"o":{"x":[0.443,0.443],"y":[0,0]},"t":44,"s":[0,0]},{"t":59.0000024031193,"s":[149,149]}],"ix":3},"r":{"a":0,"k":0,"ix":6},"o":{"a":0,"k":100,"ix":7},"sk":{"a":0,"k":0,"ix":4},"sa":{"a":0,"k":0,"ix":5},"nm":"Transformar"}],"nm":"Elipse 1","np":3,"cix":2,"bm":0,"ix":1,"mn":"ADBE Vector Group","hd":false}],"ip":0,"op":90.0000036657751,"st":0,"bm":0},{"ddd":0,"ind":5,"ty":4,"nm":"monedas lineas grandes/Onboarding-v2 contornos","sr":1,"ks":{"o":{"a":1,"k":[{"i":{"x":[0.833],"y":[0.833]},"o":{"x":[0.167],"y":[0.167]},"t":17,"s":[0]},{"i":{"x":[0.833],"y":[0.833]},"o":{"x":[0.167],"y":[0.167]},"t":25,"s":[100]},{"t":42.0000017106951,"s":[0]}],"ix":11},"r":{"a":0,"k":0,"ix":10},"p":{"a":1,"k":[{"i":{"x":0.667,"y":1},"o":{"x":0.333,"y":0},"t":15,"s":[108,88,0],"to":[10.917,-8.417,0],"ti":[-15.78,8.607,0]},{"i":{"x":0.57,"y":0.439},"o":{"x":0.21,"y":0},"t":25,"s":[173.5,37.5,0],"to":[0.332,-0.181,0],"ti":[0.185,-0.01,0]},{"i":{"x":0.701,"y":1},"o":{"x":0.306,"y":0.418},"t":27,"s":[173.607,37.279,0],"to":[-0.327,0.017,0],"ti":[0,0,0]},{"i":{"x":0.667,"y":1},"o":{"x":0.171,"y":0},"t":32,"s":[172.5,37.5,0],"to":[0,0,0],"ti":[-13.083,-7.708,0]},{"t":42.0000017106951,"s":[251,83.75,0]}],"ix":2},"a":{"a":0,"k":[15.5,15.5,0],"ix":1},"s":{"a":1,"k":[{"i":{"x":[0.833,0.833,0.833],"y":[0.833,0.833,0.833]},"o":{"x":[0.167,0.167,0.167],"y":[0.167,0.167,0.167]},"t":17,"s":[70,70,100]},{"i":{"x":[0.833,0.833,0.833],"y":[0.833,0.833,0.833]},"o":{"x":[0.167,0.167,0.167],"y":[0.167,0.167,0.167]},"t":28,"s":[100,100,100]},{"i":{"x":[0.833,0.833,0.833],"y":[0.833,0.833,0.833]},"o":{"x":[0.167,0.167,0.167],"y":[0.167,0.167,0.167]},"t":46,"s":[100,100,100]},{"t":50.0000020365418,"s":[0,0,100]}],"ix":6}},"ao":0,"shapes":[{"ty":"gr","it":[{"ind":0,"ty":"sh","ix":1,"ks":{"a":0,"k":{"i":[[0.002,-1.024],[-2.565,-0.79],[0,0],[0.002,-0.728],[0.973,-0.131],[0.202,0],[0.353,0.071],[0.709,0.613],[0.224,-0.001],[0.002,-0.693],[-0.323,-0.251],[-1.191,-0.171],[0,0],[-0.736,0.9],[0,0.049],[0,0],[-0.007,2.137],[2.563,0.757],[0,0],[-0.002,0.717],[-0.931,0.109],[-0.204,0.001],[-0.33,-0.108],[-0.572,-0.411],[-0.185,0.001],[-0.002,0.692],[0.358,0.241],[0.897,0.142],[0,0],[0.029,0.035],[0.002,-0.848],[0,0],[0.604,-0.723]],"o":[[-0.006,2.185],[0,0],[1.285,0.474],[-0.002,0.88],[-0.002,0],[-0.241,0.001],[-0.685,-0.139],[-0.168,-0.158],[-0.579,0.002],[-0.002,0.446],[1.006,0.848],[0,0],[-0.002,0.848],[0.029,-0.035],[0,0],[2.132,-0.298],[0.005,-2.177],[0,0],[-1.251,-0.482],[0.003,-0.851],[0.004,0],[0.232,-0.001],[0.426,0.137],[0.184,0.132],[0.588,-0.003],[0.002,-0.459],[-0.776,-0.583],[0,0],[-0.001,-0.05],[-0.73,-0.894],[0,0],[-1.09,0.135],[-0.56,0.671]],"v":[[-4.119,-3.163],[-0.518,1.025],[0.773,1.394],[2.305,3.111],[0.79,4.678],[0.457,4.691],[-0.477,4.607],[-2.848,3.327],[-3.467,3.081],[-4.501,4.32],[-4.007,5.385],[-0.697,6.921],[-0.699,8.006],[0.937,8.553],[0.982,8.417],[0.986,6.954],[4.499,2.965],[0.848,-1.223],[-0.441,-1.628],[-1.928,-3.309],[-0.458,-4.816],[-0.115,-4.835],[0.792,-4.708],[2.451,-3.865],[3.008,-3.667],[4.059,-4.906],[3.512,-5.977],[1.025,-7.057],[1.029,-8.423],[0.982,-8.559],[-0.656,-7.999],[-0.658,-7.074],[-3.242,-5.742]],"c":true},"ix":2},"nm":"Trazado 1","mn":"ADBE Vector Shape - Group","hd":false},{"ty":"fl","c":{"a":0,"k":[0,0.620000023935,0.889999988032,1],"ix":4},"o":{"a":0,"k":100,"ix":5},"r":1,"bm":0,"nm":"Relleno 1","mn":"ADBE Vector Graphic - Fill","hd":false},{"ty":"tr","p":{"a":0,"k":[16.002,15.5],"ix":2},"a":{"a":0,"k":[0,0],"ix":1},"s":{"a":0,"k":[100,100],"ix":3},"r":{"a":0,"k":0,"ix":6},"o":{"a":0,"k":100,"ix":7},"sk":{"a":0,"k":0,"ix":4},"sa":{"a":0,"k":0,"ix":5},"nm":"Transformar"}],"nm":"Grupo 1","np":4,"cix":2,"bm":0,"ix":1,"mn":"ADBE Vector Group","hd":false},{"ty":"gr","it":[{"ind":0,"ty":"sh","ix":1,"ks":{"a":0,"k":{"i":[[7.995,0],[0,-7.995],[-7.995,0],[0,7.995]],"o":[[-7.995,0],[0,7.995],[7.995,0],[0,-7.995]],"v":[[0,-14.5],[-14.5,0],[0,14.5],[14.5,0]],"c":true},"ix":2},"nm":"Trazado 1","mn":"ADBE Vector Shape - Group","hd":false},{"ind":1,"ty":"sh","ix":2,"ks":{"a":0,"k":{"i":[[8.547,0],[0,8.547],[-8.547,0],[0,-8.547]],"o":[[-8.547,0],[0,-8.547],[8.547,0],[0,8.547]],"v":[[0,15.5],[-15.5,0],[0,-15.5],[15.5,0]],"c":true},"ix":2},"nm":"Trazado 2","mn":"ADBE Vector Shape - Group","hd":false},{"ty":"mm","mm":1,"nm":"Combinar trazados 1","mn":"ADBE Vector Filter - Merge","hd":false},{"ty":"fl","c":{"a":0,"k":[0,0.620000023935,0.889999988032,1],"ix":4},"o":{"a":0,"k":100,"ix":5},"r":1,"bm":0,"nm":"Relleno 1","mn":"ADBE Vector Graphic - Fill","hd":false},{"ty":"tr","p":{"a":0,"k":[15.5,15.5],"ix":2},"a":{"a":0,"k":[0,0],"ix":1},"s":{"a":0,"k":[100,100],"ix":3},"r":{"a":0,"k":0,"ix":6},"o":{"a":0,"k":100,"ix":7},"sk":{"a":0,"k":0,"ix":4},"sa":{"a":0,"k":0,"ix":5},"nm":"Transformar"}],"nm":"Grupo 2","np":6,"cix":2,"bm":0,"ix":2,"mn":"ADBE Vector Group","hd":false}],"ip":-2.00000008146167,"op":88.0000035843135,"st":-2.00000008146167,"bm":0},{"ddd":0,"ind":6,"ty":4,"nm":"monedas lineas grandes/Onboarding-v2 contornos","sr":1,"ks":{"o":{"a":1,"k":[{"i":{"x":[0.833],"y":[0.833]},"o":{"x":[0.167],"y":[0.167]},"t":20,"s":[0]},{"i":{"x":[0.833],"y":[0.833]},"o":{"x":[0.167],"y":[0.167]},"t":25,"s":[100]},{"i":{"x":[0.833],"y":[0.833]},"o":{"x":[0.167],"y":[0.167]},"t":33,"s":[100]},{"t":45.0000018328876,"s":[0]}],"ix":11},"r":{"a":0,"k":0,"ix":10},"p":{"a":1,"k":[{"i":{"x":0.667,"y":1},"o":{"x":0.333,"y":0},"t":15,"s":[108,88,0],"to":[-6.583,-10.25,0],"ti":[22.675,21.974,0]},{"i":{"x":0.667,"y":1},"o":{"x":0.167,"y":0},"t":25,"s":[68.5,26.5,0],"to":[-0.047,-0.046,0],"ti":[-0.288,-0.03,0]},{"i":{"x":0.667,"y":1},"o":{"x":1,"y":0},"t":33,"s":[68.5,26.25,0],"to":[64.642,6.814,0],"ti":[-30.417,-9.667,0]},{"t":43.0000017514259,"s":[251,84.25,0]}],"ix":2},"a":{"a":0,"k":[15.5,15.5,0],"ix":1},"s":{"a":1,"k":[{"i":{"x":[0.833,0.833,0.833],"y":[0.833,0.833,0.833]},"o":{"x":[0.167,0.167,0.167],"y":[0.167,0.167,0.167]},"t":17,"s":[70,70,100]},{"i":{"x":[0.833,0.833,0.833],"y":[0.833,0.833,0.833]},"o":{"x":[0.167,0.167,0.167],"y":[0.167,0.167,0.167]},"t":28,"s":[100,100,100]},{"i":{"x":[0.606,0.606,0.585],"y":[0.11,0.11,1.887]},"o":{"x":[0.262,0.262,0.192],"y":[0.609,0.609,-0.435]},"t":37,"s":[100,100,100]},{"i":{"x":[0.646,0.646,0.725],"y":[1,1,1]},"o":{"x":[0.307,0.307,0.354],"y":[0.487,0.487,-0.757]},"t":40,"s":[79.371,79.371,100]},{"i":{"x":[0.833,0.833,0.833],"y":[1,1,1]},"o":{"x":[0.167,0.167,0.167],"y":[0,0,0]},"t":43,"s":[50,50,100]},{"t":45.0000018328876,"s":[0,0,100]}],"ix":6}},"ao":0,"shapes":[{"ty":"gr","it":[{"ind":0,"ty":"sh","ix":1,"ks":{"a":0,"k":{"i":[[0.002,-1.024],[-2.565,-0.79],[0,0],[0.002,-0.728],[0.973,-0.131],[0.202,0],[0.353,0.071],[0.709,0.613],[0.224,-0.001],[0.002,-0.693],[-0.323,-0.251],[-1.191,-0.171],[0,0],[-0.736,0.9],[0,0.049],[0,0],[-0.007,2.137],[2.563,0.757],[0,0],[-0.002,0.717],[-0.931,0.109],[-0.204,0.001],[-0.33,-0.108],[-0.572,-0.411],[-0.185,0.001],[-0.002,0.692],[0.358,0.241],[0.897,0.142],[0,0],[0.029,0.035],[0.002,-0.848],[0,0],[0.604,-0.723]],"o":[[-0.006,2.185],[0,0],[1.285,0.474],[-0.002,0.88],[-0.002,0],[-0.241,0.001],[-0.685,-0.139],[-0.168,-0.158],[-0.579,0.002],[-0.002,0.446],[1.006,0.848],[0,0],[-0.002,0.848],[0.029,-0.035],[0,0],[2.132,-0.298],[0.005,-2.177],[0,0],[-1.251,-0.482],[0.003,-0.851],[0.004,0],[0.232,-0.001],[0.426,0.137],[0.184,0.132],[0.588,-0.003],[0.002,-0.459],[-0.776,-0.583],[0,0],[-0.001,-0.05],[-0.73,-0.894],[0,0],[-1.09,0.135],[-0.56,0.671]],"v":[[-4.119,-3.163],[-0.518,1.025],[0.773,1.394],[2.305,3.111],[0.79,4.678],[0.457,4.691],[-0.477,4.607],[-2.848,3.327],[-3.467,3.081],[-4.501,4.32],[-4.007,5.385],[-0.697,6.921],[-0.699,8.006],[0.937,8.553],[0.982,8.417],[0.986,6.954],[4.499,2.965],[0.848,-1.223],[-0.441,-1.628],[-1.928,-3.309],[-0.458,-4.816],[-0.115,-4.835],[0.792,-4.708],[2.451,-3.865],[3.008,-3.667],[4.059,-4.906],[3.512,-5.977],[1.025,-7.057],[1.029,-8.423],[0.982,-8.559],[-0.656,-7.999],[-0.658,-7.074],[-3.242,-5.742]],"c":true},"ix":2},"nm":"Trazado 1","mn":"ADBE Vector Shape - Group","hd":false},{"ty":"fl","c":{"a":0,"k":[0,0.620000023935,0.889999988032,1],"ix":4},"o":{"a":0,"k":100,"ix":5},"r":1,"bm":0,"nm":"Relleno 1","mn":"ADBE Vector Graphic - Fill","hd":false},{"ty":"tr","p":{"a":0,"k":[16.002,15.5],"ix":2},"a":{"a":0,"k":[0,0],"ix":1},"s":{"a":0,"k":[100,100],"ix":3},"r":{"a":0,"k":0,"ix":6},"o":{"a":0,"k":100,"ix":7},"sk":{"a":0,"k":0,"ix":4},"sa":{"a":0,"k":0,"ix":5},"nm":"Transformar"}],"nm":"Grupo 1","np":4,"cix":2,"bm":0,"ix":1,"mn":"ADBE Vector Group","hd":false},{"ty":"gr","it":[{"ind":0,"ty":"sh","ix":1,"ks":{"a":0,"k":{"i":[[7.995,0],[0,-7.995],[-7.995,0],[0,7.995]],"o":[[-7.995,0],[0,7.995],[7.995,0],[0,-7.995]],"v":[[0,-14.5],[-14.5,0],[0,14.5],[14.5,0]],"c":true},"ix":2},"nm":"Trazado 1","mn":"ADBE Vector Shape - Group","hd":false},{"ind":1,"ty":"sh","ix":2,"ks":{"a":0,"k":{"i":[[8.547,0],[0,8.547],[-8.547,0],[0,-8.547]],"o":[[-8.547,0],[0,-8.547],[8.547,0],[0,8.547]],"v":[[0,15.5],[-15.5,0],[0,-15.5],[15.5,0]],"c":true},"ix":2},"nm":"Trazado 2","mn":"ADBE Vector Shape - Group","hd":false},{"ty":"mm","mm":1,"nm":"Combinar trazados 1","mn":"ADBE Vector Filter - Merge","hd":false},{"ty":"fl","c":{"a":0,"k":[0,0.620000023935,0.889999988032,1],"ix":4},"o":{"a":0,"k":100,"ix":5},"r":1,"bm":0,"nm":"Relleno 1","mn":"ADBE Vector Graphic - Fill","hd":false},{"ty":"tr","p":{"a":0,"k":[15.5,15.5],"ix":2},"a":{"a":0,"k":[0,0],"ix":1},"s":{"a":0,"k":[100,100],"ix":3},"r":{"a":0,"k":0,"ix":6},"o":{"a":0,"k":100,"ix":7},"sk":{"a":0,"k":0,"ix":4},"sa":{"a":0,"k":0,"ix":5},"nm":"Transformar"}],"nm":"Grupo 2","np":6,"cix":2,"bm":0,"ix":2,"mn":"ADBE Vector Group","hd":false}],"ip":-2.00000008146167,"op":88.0000035843135,"st":-2.00000008146167,"bm":0},{"ddd":0,"ind":7,"ty":4,"nm":"monedas completas/Onboarding-v2 contornos","sr":1,"ks":{"o":{"a":1,"k":[{"i":{"x":[0.833],"y":[0.833]},"o":{"x":[0.167],"y":[0.167]},"t":19,"s":[0]},{"t":25.0000010182709,"s":[100]}],"ix":11},"r":{"a":0,"k":0,"ix":10},"p":{"a":1,"k":[{"i":{"x":0.893,"y":0.741},"o":{"x":0.77,"y":0},"t":10,"s":[107.5,87,0],"to":[-7.722,-7.393,0],"ti":[0.475,-7.9,0]},{"i":{"x":0.989,"y":0},"o":{"x":0.007,"y":1},"t":25,"s":[45.332,94.375,0],"to":[-0.017,0.29,0],"ti":[-0.382,-1.06,0]},{"i":{"x":0.787,"y":1},"o":{"x":0.394,"y":0.196},"t":38,"s":[45.504,94.326,0],"to":[0.09,0.249,0],"ti":[-0.042,-0.39,0]},{"t":53.0000021587343,"s":[251.25,84,0]}],"ix":2},"a":{"a":0,"k":[11.5,11.5,0],"ix":1},"s":{"a":1,"k":[{"i":{"x":[0.833,0.833,0.833],"y":[0.833,0.833,0.833]},"o":{"x":[0.167,0.167,0.167],"y":[0.167,0.167,0.167]},"t":17,"s":[70,70,100]},{"i":{"x":[0.833,0.833,0.833],"y":[0.833,0.833,0.833]},"o":{"x":[0.167,0.167,0.167],"y":[0.167,0.167,0.167]},"t":28,"s":[100,100,100]},{"i":{"x":[0,0,0.667],"y":[1,1,1]},"o":{"x":[0.167,0.167,0.167],"y":[0.167,0.167,-16.502]},"t":50,"s":[100,100,100]},{"t":53.0000021587343,"s":[0,0,100]}],"ix":6}},"ao":0,"shapes":[{"ty":"gr","it":[{"ind":0,"ty":"sh","ix":1,"ks":{"a":0,"k":{"i":[[0.002,-0.739],[-1.995,-0.571],[0,0],[0.002,-0.525],[0.757,-0.095],[0.157,-0.001],[0.275,0.052],[0.551,0.443],[0.175,-0.001],[0.001,-0.5],[-0.251,-0.181],[-0.927,-0.123],[0,0],[-0.573,0.649],[0,0.036],[0,0],[-0.005,1.544],[1.993,0.547],[0,0],[-0.001,0.517],[-0.723,0.078],[-0.158,0],[-0.257,-0.078],[-0.445,-0.297],[-0.144,0.001],[-0.001,0.5],[0.279,0.175],[0.697,0.102],[0,0],[0.023,0.025],[0.002,-0.611],[0,0],[0.47,-0.523]],"o":[[-0.005,1.578],[0,0],[0.999,0.343],[-0.001,0.636],[-0.002,0],[-0.187,0],[-0.532,-0.099],[-0.132,-0.115],[-0.45,0.002],[-0.001,0.323],[0.783,0.612],[0,0],[-0.001,0.613],[0.022,-0.025],[0,0],[1.657,-0.215],[0.004,-1.572],[0,0],[-0.974,-0.348],[0.002,-0.615],[0.003,-0.001],[0.18,-0.001],[0.332,0.099],[0.143,0.095],[0.457,-0.002],[0.002,-0.331],[-0.603,-0.421],[0,0],[-0.001,-0.035],[-0.568,-0.646],[0,0],[-0.848,0.096],[-0.435,0.484]],"v":[[-3.204,-2.284],[-0.404,0.742],[0.6,1.007],[1.792,2.247],[0.615,3.38],[0.355,3.39],[-0.372,3.327],[-2.215,2.404],[-2.697,2.226],[-3.501,3.12],[-3.118,3.891],[-0.542,4.999],[-0.544,5.782],[0.729,6.178],[0.764,6.08],[0.768,5.024],[3.499,2.143],[0.66,-0.883],[-0.344,-1.176],[-1.499,-2.389],[-0.357,-3.477],[-0.09,-3.492],[0.616,-3.399],[1.906,-2.79],[2.34,-2.648],[3.157,-3.544],[2.73,-4.316],[0.797,-5.096],[0.799,-6.083],[0.764,-6.18],[-0.51,-5.777],[-0.512,-5.109],[-2.523,-4.146]],"c":true},"ix":2},"nm":"Trazado 1","mn":"ADBE Vector Shape - Group","hd":false},{"ty":"fl","c":{"a":0,"k":[1,1,1,1],"ix":4},"o":{"a":0,"k":100,"ix":5},"r":1,"bm":0,"nm":"Relleno 1","mn":"ADBE Vector Graphic - Fill","hd":false},{"ty":"tr","p":{"a":0,"k":[11.502,11.499],"ix":2},"a":{"a":0,"k":[0,0],"ix":1},"s":{"a":0,"k":[100,100],"ix":3},"r":{"a":0,"k":0,"ix":6},"o":{"a":0,"k":100,"ix":7},"sk":{"a":0,"k":0,"ix":4},"sa":{"a":0,"k":0,"ix":5},"nm":"Transformar"}],"nm":"Grupo 1","np":4,"cix":2,"bm":0,"ix":1,"mn":"ADBE Vector Group","hd":false},{"ty":"gr","it":[{"ind":0,"ty":"sh","ix":1,"ks":{"a":0,"k":{"i":[[-6.351,0],[0,-6.352],[6.351,0],[0,6.352]],"o":[[6.351,0],[0,6.352],[-6.351,0],[0,-6.352]],"v":[[0,-11.5],[11.5,0],[0,11.5],[-11.5,0]],"c":true},"ix":2},"nm":"Trazado 1","mn":"ADBE Vector Shape - Group","hd":false},{"ty":"fl","c":{"a":0,"k":[0,0.620000023935,0.889999988032,1],"ix":4},"o":{"a":0,"k":100,"ix":5},"r":1,"bm":0,"nm":"Relleno 1","mn":"ADBE Vector Graphic - Fill","hd":false},{"ty":"tr","p":{"a":0,"k":[11.5,11.5],"ix":2},"a":{"a":0,"k":[0,0],"ix":1},"s":{"a":0,"k":[100,100],"ix":3},"r":{"a":0,"k":0,"ix":6},"o":{"a":0,"k":100,"ix":7},"sk":{"a":0,"k":0,"ix":4},"sa":{"a":0,"k":0,"ix":5},"nm":"Transformar"}],"nm":"Grupo 2","np":4,"cix":2,"bm":0,"ix":2,"mn":"ADBE Vector Group","hd":false}],"ip":-2.00000008146167,"op":88.0000035843135,"st":-2.00000008146167,"bm":0},{"ddd":0,"ind":8,"ty":4,"nm":"monedas completas/Onboarding-v2 contornos","sr":1,"ks":{"o":{"a":1,"k":[{"i":{"x":[0.833],"y":[0.833]},"o":{"x":[0.167],"y":[0.167]},"t":19,"s":[0]},{"t":25.0000010182709,"s":[100]}],"ix":11},"r":{"a":0,"k":0,"ix":10},"p":{"a":1,"k":[{"i":{"x":0.573,"y":0.984},"o":{"x":0.917,"y":0},"t":10,"s":[107.5,87,0],"to":[4.425,-11.814,0],"ti":[-0.046,0,0]},{"i":{"x":0.787,"y":1},"o":{"x":0.3,"y":0.268},"t":28,"s":[134.052,16.115,0],"to":[0.235,0,0],"ti":[-0.109,0,0]},{"i":{"x":0.794,"y":1},"o":{"x":1,"y":0},"t":33,"s":[134.812,15.688,0],"to":[23.992,0.091,0],"ti":[-19.448,-11.427,0]},{"t":47.0000019143492,"s":[251.5,84.25,0]}],"ix":2},"a":{"a":0,"k":[11.5,11.5,0],"ix":1},"s":{"a":1,"k":[{"i":{"x":[0.833,0.833,0.833],"y":[0.833,0.833,0.833]},"o":{"x":[0.167,0.167,0.167],"y":[0.167,0.167,0.167]},"t":17,"s":[70,70,100]},{"i":{"x":[0.833,0.833,0.833],"y":[0.833,0.833,0.833]},"o":{"x":[0.167,0.167,0.167],"y":[0.167,0.167,0.167]},"t":28,"s":[100,100,100]},{"i":{"x":[0,0,0.667],"y":[1,1,1]},"o":{"x":[0.167,0.167,0.167],"y":[0.167,0.167,-16.502]},"t":46,"s":[100,100,100]},{"t":50.0000020365418,"s":[0,0,100]}],"ix":6}},"ao":0,"shapes":[{"ty":"gr","it":[{"ind":0,"ty":"sh","ix":1,"ks":{"a":0,"k":{"i":[[0.002,-0.739],[-1.995,-0.571],[0,0],[0.002,-0.525],[0.757,-0.095],[0.157,-0.001],[0.275,0.052],[0.551,0.443],[0.175,-0.001],[0.001,-0.5],[-0.251,-0.181],[-0.927,-0.123],[0,0],[-0.573,0.649],[0,0.036],[0,0],[-0.005,1.544],[1.993,0.547],[0,0],[-0.001,0.517],[-0.723,0.078],[-0.158,0],[-0.257,-0.078],[-0.445,-0.297],[-0.144,0.001],[-0.001,0.5],[0.279,0.175],[0.697,0.102],[0,0],[0.023,0.025],[0.002,-0.611],[0,0],[0.47,-0.523]],"o":[[-0.005,1.578],[0,0],[0.999,0.343],[-0.001,0.636],[-0.002,0],[-0.187,0],[-0.532,-0.099],[-0.132,-0.115],[-0.45,0.002],[-0.001,0.323],[0.783,0.612],[0,0],[-0.001,0.613],[0.022,-0.025],[0,0],[1.657,-0.215],[0.004,-1.572],[0,0],[-0.974,-0.348],[0.002,-0.615],[0.003,-0.001],[0.18,-0.001],[0.332,0.099],[0.143,0.095],[0.457,-0.002],[0.002,-0.331],[-0.603,-0.421],[0,0],[-0.001,-0.035],[-0.568,-0.646],[0,0],[-0.848,0.096],[-0.435,0.484]],"v":[[-3.204,-2.284],[-0.404,0.742],[0.6,1.007],[1.792,2.247],[0.615,3.38],[0.355,3.39],[-0.372,3.327],[-2.215,2.404],[-2.697,2.226],[-3.501,3.12],[-3.118,3.891],[-0.542,4.999],[-0.544,5.782],[0.729,6.178],[0.764,6.08],[0.768,5.024],[3.499,2.143],[0.66,-0.883],[-0.344,-1.176],[-1.499,-2.389],[-0.357,-3.477],[-0.09,-3.492],[0.616,-3.399],[1.906,-2.79],[2.34,-2.648],[3.157,-3.544],[2.73,-4.316],[0.797,-5.096],[0.799,-6.083],[0.764,-6.18],[-0.51,-5.777],[-0.512,-5.109],[-2.523,-4.146]],"c":true},"ix":2},"nm":"Trazado 1","mn":"ADBE Vector Shape - Group","hd":false},{"ty":"fl","c":{"a":0,"k":[1,1,1,1],"ix":4},"o":{"a":0,"k":100,"ix":5},"r":1,"bm":0,"nm":"Relleno 1","mn":"ADBE Vector Graphic - Fill","hd":false},{"ty":"tr","p":{"a":0,"k":[11.502,11.499],"ix":2},"a":{"a":0,"k":[0,0],"ix":1},"s":{"a":0,"k":[100,100],"ix":3},"r":{"a":0,"k":0,"ix":6},"o":{"a":0,"k":100,"ix":7},"sk":{"a":0,"k":0,"ix":4},"sa":{"a":0,"k":0,"ix":5},"nm":"Transformar"}],"nm":"Grupo 1","np":4,"cix":2,"bm":0,"ix":1,"mn":"ADBE Vector Group","hd":false},{"ty":"gr","it":[{"ind":0,"ty":"sh","ix":1,"ks":{"a":0,"k":{"i":[[-6.351,0],[0,-6.352],[6.351,0],[0,6.352]],"o":[[6.351,0],[0,6.352],[-6.351,0],[0,-6.352]],"v":[[0,-11.5],[11.5,0],[0,11.5],[-11.5,0]],"c":true},"ix":2},"nm":"Trazado 1","mn":"ADBE Vector Shape - Group","hd":false},{"ty":"fl","c":{"a":0,"k":[0,0.620000023935,0.889999988032,1],"ix":4},"o":{"a":0,"k":100,"ix":5},"r":1,"bm":0,"nm":"Relleno 1","mn":"ADBE Vector Graphic - Fill","hd":false},{"ty":"tr","p":{"a":0,"k":[11.5,11.5],"ix":2},"a":{"a":0,"k":[0,0],"ix":1},"s":{"a":0,"k":[100,100],"ix":3},"r":{"a":0,"k":0,"ix":6},"o":{"a":0,"k":100,"ix":7},"sk":{"a":0,"k":0,"ix":4},"sa":{"a":0,"k":0,"ix":5},"nm":"Transformar"}],"nm":"Grupo 2","np":4,"cix":2,"bm":0,"ix":2,"mn":"ADBE Vector Group","hd":false}],"ip":-2.00000008146167,"op":88.0000035843135,"st":-2.00000008146167,"bm":0},{"ddd":0,"ind":9,"ty":4,"nm":"moneda lineas/Onboarding-v2 contornos","sr":1,"ks":{"o":{"a":1,"k":[{"i":{"x":[0.833],"y":[0.833]},"o":{"x":[0.167],"y":[0.167]},"t":16,"s":[0]},{"t":21.0000008553475,"s":[100]}],"ix":11},"r":{"a":0,"k":0,"ix":10},"p":{"a":1,"k":[{"i":{"x":0.431,"y":1},"o":{"x":1,"y":0},"t":8,"s":[111.5,84,0],"to":[10.682,1.589,0],"ti":[-0.021,-0.146,0]},{"i":{"x":0.431,"y":1},"o":{"x":0.333,"y":0},"t":25,"s":[175.594,93.531,0],"to":[0,0,0],"ti":[-0.007,-0.028,0]},{"i":{"x":0.998,"y":0},"o":{"x":0.381,"y":0},"t":29,"s":[175.609,93.531,0],"to":[0.004,0.017,0],"ti":[0.083,0.388,0]},{"i":{"x":0.452,"y":1},"o":{"x":0.253,"y":0.507},"t":37,"s":[175.609,93.529,0],"to":[-0.029,-0.135,0],"ti":[-0.428,-0.31,0]},{"t":44.0000017921567,"s":[251.75,83.5,0]}],"ix":2},"a":{"a":0,"k":[8,8,0],"ix":1},"s":{"a":1,"k":[{"i":{"x":[0.833,0.833,0.833],"y":[0.833,0.833,0.833]},"o":{"x":[0.167,0.167,0.167],"y":[0.167,0.167,0.167]},"t":17,"s":[70,70,100]},{"i":{"x":[0.833,0.833,0.833],"y":[0.833,0.833,0.833]},"o":{"x":[0.167,0.167,0.167],"y":[0.167,0.167,0.167]},"t":29,"s":[100,100,100]},{"i":{"x":[0.833,0.833,0.833],"y":[0.833,0.833,0.833]},"o":{"x":[0.167,0.167,0.167],"y":[0.167,0.167,0.167]},"t":37,"s":[100,100,100]},{"i":{"x":[0,0,0.667],"y":[1,1,1]},"o":{"x":[0.167,0.167,0.167],"y":[0.167,0.167,-16.502]},"t":41,"s":[100,100,100]},{"t":44.0000017921567,"s":[0,0,100]}],"ix":6}},"ao":0,"shapes":[{"ty":"gr","it":[{"ind":0,"ty":"sh","ix":1,"ks":{"a":0,"k":{"i":[[0.001,-0.512],[-1.425,-0.395],[0,0],[0.001,-0.364],[0.541,-0.066],[0.112,-0.001],[0.196,0.036],[0.394,0.306],[0.125,0],[0.001,-0.347],[-0.179,-0.126],[-0.662,-0.085],[0,0],[-0.409,0.45],[0,0.024],[0,0],[-0.004,1.069],[1.424,0.379],[0,0],[-0.001,0.358],[-0.517,0.054],[-0.114,0.001],[-0.184,-0.054],[-0.318,-0.205],[-0.103,0.001],[-0.001,0.346],[0.199,0.121],[0.498,0.071],[0,0],[0.017,0.017],[0.002,-0.424],[0,0],[0.336,-0.361]],"o":[[-0.003,1.092],[0,0],[0.714,0.237],[-0.001,0.44],[-0.001,0],[-0.133,0],[-0.38,-0.069],[-0.094,-0.079],[-0.321,0.001],[-0.001,0.223],[0.559,0.424],[0,0],[-0.001,0.423],[0.016,-0.017],[0,0],[1.184,-0.15],[0.003,-1.088],[0,0],[-0.695,-0.241],[0.001,-0.426],[0.002,-0.001],[0.129,0],[0.236,0.069],[0.102,0.067],[0.327,-0.001],[0.001,-0.23],[-0.431,-0.291],[0,0],[0,-0.025],[-0.405,-0.448],[0,0],[-0.606,0.068],[-0.311,0.335]],"v":[[-2.289,-1.581],[-0.288,0.514],[0.429,0.698],[1.28,1.555],[0.439,2.34],[0.253,2.346],[-0.265,2.303],[-1.583,1.665],[-1.927,1.54],[-2.501,2.161],[-2.227,2.693],[-0.387,3.46],[-0.389,4.004],[0.52,4.277],[0.545,4.21],[0.548,3.479],[2.499,1.482],[0.471,-0.611],[-0.246,-0.814],[-1.071,-1.654],[-0.255,-2.408],[-0.064,-2.418],[0.44,-2.354],[1.361,-1.933],[1.671,-1.834],[2.255,-2.452],[1.95,-2.989],[0.569,-3.528],[0.571,-4.212],[0.545,-4.279],[-0.365,-3.999],[-0.366,-3.538],[-1.802,-2.87]],"c":true},"ix":2},"nm":"Trazado 1","mn":"ADBE Vector Shape - Group","hd":false},{"ty":"fl","c":{"a":0,"k":[0,0.620000023935,0.889999988032,1],"ix":4},"o":{"a":0,"k":100,"ix":5},"r":1,"bm":0,"nm":"Relleno 1","mn":"ADBE Vector Graphic - Fill","hd":false},{"ty":"tr","p":{"a":0,"k":[8.001,7.999],"ix":2},"a":{"a":0,"k":[0,0],"ix":1},"s":{"a":0,"k":[100,100],"ix":3},"r":{"a":0,"k":0,"ix":6},"o":{"a":0,"k":100,"ix":7},"sk":{"a":0,"k":0,"ix":4},"sa":{"a":0,"k":0,"ix":5},"nm":"Transformar"}],"nm":"Grupo 1","np":4,"cix":2,"bm":0,"ix":1,"mn":"ADBE Vector Group","hd":false},{"ty":"gr","it":[{"ind":0,"ty":"sh","ix":1,"ks":{"a":0,"k":{"i":[[3.86,0],[0,-3.86],[-3.86,0],[0,3.86]],"o":[[-3.86,0],[0,3.86],[3.86,0],[0,-3.86]],"v":[[0,-7],[-7,0],[0,7],[7,0]],"c":true},"ix":2},"nm":"Trazado 1","mn":"ADBE Vector Shape - Group","hd":false},{"ind":1,"ty":"sh","ix":2,"ks":{"a":0,"k":{"i":[[4.411,0],[0,4.411],[-4.411,0],[0,-4.411]],"o":[[-4.411,0],[0,-4.411],[4.411,0],[0,4.411]],"v":[[0,8],[-8,0],[0,-8],[8,0]],"c":true},"ix":2},"nm":"Trazado 2","mn":"ADBE Vector Shape - Group","hd":false},{"ty":"mm","mm":1,"nm":"Combinar trazados 1","mn":"ADBE Vector Filter - Merge","hd":false},{"ty":"fl","c":{"a":0,"k":[0,0.620000023935,0.889999988032,1],"ix":4},"o":{"a":0,"k":100,"ix":5},"r":1,"bm":0,"nm":"Relleno 1","mn":"ADBE Vector Graphic - Fill","hd":false},{"ty":"tr","p":{"a":0,"k":[8,8],"ix":2},"a":{"a":0,"k":[0,0],"ix":1},"s":{"a":0,"k":[100,100],"ix":3},"r":{"a":0,"k":0,"ix":6},"o":{"a":0,"k":100,"ix":7},"sk":{"a":0,"k":0,"ix":4},"sa":{"a":0,"k":0,"ix":5},"nm":"Transformar"}],"nm":"Grupo 2","np":6,"cix":2,"bm":0,"ix":2,"mn":"ADBE Vector Group","hd":false}],"ip":-2.00000008146167,"op":88.0000035843135,"st":-2.00000008146167,"bm":0},{"ddd":0,"ind":10,"ty":4,"nm":"moneda lineas/Onboarding-v2 contornos","sr":1,"ks":{"o":{"a":1,"k":[{"i":{"x":[0.833],"y":[0.833]},"o":{"x":[0.167],"y":[0.167]},"t":14,"s":[0]},{"i":{"x":[0.833],"y":[0.833]},"o":{"x":[0.167],"y":[0.167]},"t":20,"s":[100]},{"i":{"x":[0.833],"y":[0.833]},"o":{"x":[0.167],"y":[0.167]},"t":33,"s":[100]},{"i":{"x":[0.833],"y":[0.833]},"o":{"x":[0.167],"y":[0.167]},"t":49,"s":[25]},{"t":50.0000020365418,"s":[0]}],"ix":11},"r":{"a":0,"k":0,"ix":10},"p":{"a":1,"k":[{"i":{"x":0.431,"y":1},"o":{"x":1,"y":0},"t":8,"s":[112,84,0],"to":[-14.417,-5.417,0],"ti":[14.417,5.417,0]},{"i":{"x":0.431,"y":0.431},"o":{"x":0.333,"y":0.333},"t":25,"s":[25.5,51.5,0],"to":[0,0,0],"ti":[0,0,0]},{"i":{"x":0.431,"y":0.431},"o":{"x":0.333,"y":0.333},"t":29,"s":[25.5,51.5,0],"to":[0,0,0],"ti":[0,0,0]},{"i":{"x":0.431,"y":1},"o":{"x":1,"y":0},"t":33,"s":[25.5,51.5,0],"to":[110.917,11.917,0],"ti":[-37.583,-5.292,0]},{"t":49.0000019958109,"s":[251,83.25,0]}],"ix":2},"a":{"a":0,"k":[8,8,0],"ix":1},"s":{"a":1,"k":[{"i":{"x":[0.833,0.833,0.833],"y":[0.833,0.833,0.833]},"o":{"x":[0.167,0.167,0.167],"y":[0.167,0.167,0.167]},"t":17,"s":[70,70,100]},{"i":{"x":[0.833,0.833,0.833],"y":[0.833,0.833,0.833]},"o":{"x":[0.167,0.167,0.167],"y":[0.167,0.167,0.167]},"t":28,"s":[100,100,100]},{"i":{"x":[0,0,0.667],"y":[1,1,1]},"o":{"x":[0.167,0.167,0.167],"y":[0.167,0.167,0.339]},"t":33,"s":[100,100,100]},{"i":{"x":[0.833,0.833,0.833],"y":[1,1,1]},"o":{"x":[0.167,0.167,0.167],"y":[0,0,0]},"t":49,"s":[97,97,100]},{"t":50.0000020365418,"s":[0,0,100]}],"ix":6}},"ao":0,"shapes":[{"ty":"gr","it":[{"ind":0,"ty":"sh","ix":1,"ks":{"a":0,"k":{"i":[[0.001,-0.512],[-1.425,-0.395],[0,0],[0.001,-0.364],[0.541,-0.066],[0.112,-0.001],[0.196,0.036],[0.394,0.306],[0.125,0],[0.001,-0.347],[-0.179,-0.126],[-0.662,-0.085],[0,0],[-0.409,0.45],[0,0.024],[0,0],[-0.004,1.069],[1.424,0.379],[0,0],[-0.001,0.358],[-0.517,0.054],[-0.114,0.001],[-0.184,-0.054],[-0.318,-0.205],[-0.103,0.001],[-0.001,0.346],[0.199,0.121],[0.498,0.071],[0,0],[0.017,0.017],[0.002,-0.424],[0,0],[0.336,-0.361]],"o":[[-0.003,1.092],[0,0],[0.714,0.237],[-0.001,0.44],[-0.001,0],[-0.133,0],[-0.38,-0.069],[-0.094,-0.079],[-0.321,0.001],[-0.001,0.223],[0.559,0.424],[0,0],[-0.001,0.423],[0.016,-0.017],[0,0],[1.184,-0.15],[0.003,-1.088],[0,0],[-0.695,-0.241],[0.001,-0.426],[0.002,-0.001],[0.129,0],[0.236,0.069],[0.102,0.067],[0.327,-0.001],[0.001,-0.23],[-0.431,-0.291],[0,0],[0,-0.025],[-0.405,-0.448],[0,0],[-0.606,0.068],[-0.311,0.335]],"v":[[-2.289,-1.581],[-0.288,0.514],[0.429,0.698],[1.28,1.555],[0.439,2.34],[0.253,2.346],[-0.265,2.303],[-1.583,1.665],[-1.927,1.54],[-2.501,2.161],[-2.227,2.693],[-0.387,3.46],[-0.389,4.004],[0.52,4.277],[0.545,4.21],[0.548,3.479],[2.499,1.482],[0.471,-0.611],[-0.246,-0.814],[-1.071,-1.654],[-0.255,-2.408],[-0.064,-2.418],[0.44,-2.354],[1.361,-1.933],[1.671,-1.834],[2.255,-2.452],[1.95,-2.989],[0.569,-3.528],[0.571,-4.212],[0.545,-4.279],[-0.365,-3.999],[-0.366,-3.538],[-1.802,-2.87]],"c":true},"ix":2},"nm":"Trazado 1","mn":"ADBE Vector Shape - Group","hd":false},{"ty":"fl","c":{"a":0,"k":[0,0.620000023935,0.889999988032,1],"ix":4},"o":{"a":0,"k":100,"ix":5},"r":1,"bm":0,"nm":"Relleno 1","mn":"ADBE Vector Graphic - Fill","hd":false},{"ty":"tr","p":{"a":0,"k":[8.001,7.999],"ix":2},"a":{"a":0,"k":[0,0],"ix":1},"s":{"a":0,"k":[100,100],"ix":3},"r":{"a":0,"k":0,"ix":6},"o":{"a":0,"k":100,"ix":7},"sk":{"a":0,"k":0,"ix":4},"sa":{"a":0,"k":0,"ix":5},"nm":"Transformar"}],"nm":"Grupo 1","np":4,"cix":2,"bm":0,"ix":1,"mn":"ADBE Vector Group","hd":false},{"ty":"gr","it":[{"ind":0,"ty":"sh","ix":1,"ks":{"a":0,"k":{"i":[[3.86,0],[0,-3.86],[-3.86,0],[0,3.86]],"o":[[-3.86,0],[0,3.86],[3.86,0],[0,-3.86]],"v":[[0,-7],[-7,0],[0,7],[7,0]],"c":true},"ix":2},"nm":"Trazado 1","mn":"ADBE Vector Shape - Group","hd":false},{"ind":1,"ty":"sh","ix":2,"ks":{"a":0,"k":{"i":[[4.411,0],[0,4.411],[-4.411,0],[0,-4.411]],"o":[[-4.411,0],[0,-4.411],[4.411,0],[0,4.411]],"v":[[0,8],[-8,0],[0,-8],[8,0]],"c":true},"ix":2},"nm":"Trazado 2","mn":"ADBE Vector Shape - Group","hd":false},{"ty":"mm","mm":1,"nm":"Combinar trazados 1","mn":"ADBE Vector Filter - Merge","hd":false},{"ty":"fl","c":{"a":0,"k":[0,0.620000023935,0.889999988032,1],"ix":4},"o":{"a":0,"k":100,"ix":5},"r":1,"bm":0,"nm":"Relleno 1","mn":"ADBE Vector Graphic - Fill","hd":false},{"ty":"tr","p":{"a":0,"k":[8,8],"ix":2},"a":{"a":0,"k":[0,0],"ix":1},"s":{"a":0,"k":[100,100],"ix":3},"r":{"a":0,"k":0,"ix":6},"o":{"a":0,"k":100,"ix":7},"sk":{"a":0,"k":0,"ix":4},"sa":{"a":0,"k":0,"ix":5},"nm":"Transformar"}],"nm":"Grupo 2","np":6,"cix":2,"bm":0,"ix":2,"mn":"ADBE Vector Group","hd":false}],"ip":-2.00000008146167,"op":88.0000035843135,"st":-2.00000008146167,"bm":0},{"ddd":0,"ind":11,"ty":4,"nm":"telefono/Onboarding-v2 contornos","sr":1,"ks":{"o":{"a":0,"k":100,"ix":11},"r":{"a":0,"k":0,"ix":10},"p":{"a":0,"k":[251,87,0],"ix":2},"a":{"a":0,"k":[53,72,0],"ix":1},"s":{"a":0,"k":[100,100,100],"ix":6}},"ao":0,"shapes":[{"ty":"gr","it":[{"ind":0,"ty":"sh","ix":1,"ks":{"a":0,"k":{"i":[[-0.442,0],[0,0],[0,-0.443],[0.443,0],[0,0],[0,0.443]],"o":[[0,0],[0.443,0],[0,0.443],[0,0],[-0.442,0],[0,-0.443]],"v":[[-0.826,-0.802],[0.826,-0.802],[1.628,0],[0.826,0.802],[-0.826,0.802],[-1.628,0]],"c":true},"ix":2},"nm":"Trazado 1","mn":"ADBE Vector Shape - Group","hd":false},{"ty":"fl","c":{"a":0,"k":[0.2,0.2,0.2,1],"ix":4},"o":{"a":0,"k":100,"ix":5},"r":1,"bm":0,"nm":"Relleno 1","mn":"ADBE Vector Graphic - Fill","hd":false},{"ty":"tr","p":{"a":0,"k":[38.675,10.121],"ix":2},"a":{"a":0,"k":[0,0],"ix":1},"s":{"a":0,"k":[100,100],"ix":3},"r":{"a":0,"k":0,"ix":6},"o":{"a":0,"k":100,"ix":7},"sk":{"a":0,"k":0,"ix":4},"sa":{"a":0,"k":0,"ix":5},"nm":"Transformar"}],"nm":"Grupo 1","np":4,"cix":2,"bm":0,"ix":1,"mn":"ADBE Vector Group","hd":false},{"ty":"gr","it":[{"ind":0,"ty":"sh","ix":1,"ks":{"a":0,"k":{"i":[[-0.443,0],[0,0],[0,-0.443],[0.442,0],[0,0],[0,0.443]],"o":[[0,0],[0.442,0],[0,0.443],[0,0],[-0.443,0],[0,-0.443]],"v":[[-8.964,-0.802],[8.965,-0.802],[9.766,0],[8.965,0.802],[-8.964,0.802],[-9.766,0]],"c":true},"ix":2},"nm":"Trazado 1","mn":"ADBE Vector Shape - Group","hd":false},{"ty":"fl","c":{"a":0,"k":[0.2,0.2,0.2,1],"ix":4},"o":{"a":0,"k":100,"ix":5},"r":1,"bm":0,"nm":"Relleno 1","mn":"ADBE Vector Graphic - Fill","hd":false},{"ty":"tr","p":{"a":0,"k":[54.139,10.121],"ix":2},"a":{"a":0,"k":[0,0],"ix":1},"s":{"a":0,"k":[100,100],"ix":3},"r":{"a":0,"k":0,"ix":6},"o":{"a":0,"k":100,"ix":7},"sk":{"a":0,"k":0,"ix":4},"sa":{"a":0,"k":0,"ix":5},"nm":"Transformar"}],"nm":"Grupo 2","np":4,"cix":2,"bm":0,"ix":2,"mn":"ADBE Vector Group","hd":false},{"ty":"gr","it":[{"ind":0,"ty":"sh","ix":1,"ks":{"a":0,"k":{"i":[[-1.771,0],[0,0],[0,-1.771],[1.772,0],[0,0],[0,1.771]],"o":[[0,0],[1.772,0],[0,1.771],[0,0],[-1.771,0],[0,-1.771]],"v":[[-4.117,-3.208],[4.117,-3.208],[7.324,0.001],[4.117,3.208],[-4.117,3.208],[-7.324,0.001]],"c":true},"ix":2},"nm":"Trazado 1","mn":"ADBE Vector Shape - Group","hd":false},{"ty":"fl","c":{"a":0,"k":[1,1,1,1],"ix":4},"o":{"a":0,"k":100,"ix":5},"r":1,"bm":0,"nm":"Relleno 1","mn":"ADBE Vector Graphic - Fill","hd":false},{"ty":"tr","p":{"a":0,"k":[54.139,120.775],"ix":2},"a":{"a":0,"k":[0,0],"ix":1},"s":{"a":0,"k":[100,100],"ix":3},"r":{"a":0,"k":0,"ix":6},"o":{"a":0,"k":100,"ix":7},"sk":{"a":0,"k":0,"ix":4},"sa":{"a":0,"k":0,"ix":5},"nm":"Transformar"}],"nm":"Grupo 3","np":4,"cix":2,"bm":0,"ix":3,"mn":"ADBE Vector Group","hd":false},{"ty":"gr","it":[{"ind":0,"ty":"sh","ix":1,"ks":{"a":0,"k":{"i":[[0,0],[0,0],[0,3.543],[0,0],[-3.596,0],[0,0]],"o":[[0,0],[-3.596,0],[0,0],[0,-3.543],[0,0],[0,0]],"v":[[-8.19,64.148],[-13.309,64.148],[-19.82,57.733],[-19.82,-57.733],[-13.309,-64.148],[19.82,-64.148]],"c":false},"ix":2},"nm":"Trazado 1","mn":"ADBE Vector Shape - Group","hd":false},{"ty":"st","c":{"a":0,"k":[0.2,0.2,0.2,1],"ix":3},"o":{"a":0,"k":100,"ix":4},"w":{"a":0,"k":1.3,"ix":5},"lc":2,"lj":2,"bm":0,"nm":"Trazo 1","mn":"ADBE Vector Graphic - Stroke","hd":false},{"ty":"tr","p":{"a":0,"k":[37.336,65.448],"ix":2},"a":{"a":0,"k":[0,0],"ix":1},"s":{"a":0,"k":[100,100],"ix":3},"r":{"a":0,"k":0,"ix":6},"o":{"a":0,"k":100,"ix":7},"sk":{"a":0,"k":0,"ix":4},"sa":{"a":0,"k":0,"ix":5},"nm":"Transformar"}],"nm":"Grupo 4","np":2,"cix":2,"bm":0,"ix":4,"mn":"ADBE Vector Group","hd":false},{"ty":"gr","it":[{"ind":0,"ty":"sh","ix":1,"ks":{"a":0,"k":{"i":[[0,0],[0,0]],"o":[[0,0],[0,0]],"v":[[37.135,129.596],[33.879,129.596]],"c":false},"ix":2},"nm":"Trazado 1","mn":"ADBE Vector Shape - Group","hd":false},{"ty":"st","c":{"a":0,"k":[0.2,0.2,0.2,1],"ix":3},"o":{"a":0,"k":100,"ix":4},"w":{"a":0,"k":1.3,"ix":5},"lc":2,"lj":2,"bm":0,"nm":"Trazo 1","mn":"ADBE Vector Graphic - Stroke","hd":false},{"ty":"tr","p":{"a":0,"k":[0,0],"ix":2},"a":{"a":0,"k":[0,0],"ix":1},"s":{"a":0,"k":[100,100],"ix":3},"r":{"a":0,"k":0,"ix":6},"o":{"a":0,"k":100,"ix":7},"sk":{"a":0,"k":0,"ix":4},"sa":{"a":0,"k":0,"ix":5},"nm":"Transformar"}],"nm":"Grupo 5","np":2,"cix":2,"bm":0,"ix":5,"mn":"ADBE Vector Group","hd":false},{"ty":"gr","it":[{"ind":0,"ty":"sh","ix":1,"ks":{"a":0,"k":{"i":[[0,0],[0,0],[0,-3.543],[0,0],[3.597,0],[0,0]],"o":[[0,0],[3.597,0],[0,0],[0,3.543],[0,0],[0,0]],"v":[[9.405,-64.148],[12.725,-64.148],[19.237,-57.733],[19.237,57.733],[12.725,64.148],[-19.237,64.148]],"c":false},"ix":2},"nm":"Trazado 1","mn":"ADBE Vector Shape - Group","hd":false},{"ty":"st","c":{"a":0,"k":[0.2,0.2,0.2,1],"ix":3},"o":{"a":0,"k":100,"ix":4},"w":{"a":0,"k":1.3,"ix":5},"lc":2,"lj":2,"bm":0,"nm":"Trazo 1","mn":"ADBE Vector Graphic - Stroke","hd":false},{"ty":"tr","p":{"a":0,"k":[71.525,65.448],"ix":2},"a":{"a":0,"k":[0,0],"ix":1},"s":{"a":0,"k":[100,100],"ix":3},"r":{"a":0,"k":0,"ix":6},"o":{"a":0,"k":100,"ix":7},"sk":{"a":0,"k":0,"ix":4},"sa":{"a":0,"k":0,"ix":5},"nm":"Transformar"}],"nm":"Grupo 6","np":2,"cix":2,"bm":0,"ix":6,"mn":"ADBE Vector Group","hd":false},{"ty":"gr","it":[{"ind":0,"ty":"sh","ix":1,"ks":{"a":0,"k":{"i":[[-0.553,0],[0,0],[0,-0.552],[0,0],[0.552,0],[0,0],[0,0.552],[0,0]],"o":[[0,0],[0.552,0],[0,0],[0,0.552],[0,0],[-0.553,0],[0,0],[0,-0.552]],"v":[[-35.623,-48.111],[35.624,-48.111],[36.624,-47.111],[36.624,47.111],[35.624,48.111],[-35.623,48.111],[-36.623,47.111],[-36.623,-47.111]],"c":true},"ix":2},"nm":"Trazado 1","mn":"ADBE Vector Shape - Group","hd":false},{"ty":"fl","c":{"a":0,"k":[1,1,1,1],"ix":4},"o":{"a":0,"k":100,"ix":5},"r":1,"bm":0,"nm":"Relleno 1","mn":"ADBE Vector Graphic - Fill","hd":false},{"ty":"tr","p":{"a":0,"k":[54.139,65.411],"ix":2},"a":{"a":0,"k":[0,0],"ix":1},"s":{"a":0,"k":[100,100],"ix":3},"r":{"a":0,"k":0,"ix":6},"o":{"a":0,"k":100,"ix":7},"sk":{"a":0,"k":0,"ix":4},"sa":{"a":0,"k":0,"ix":5},"nm":"Transformar"}],"nm":"Grupo 7","np":4,"cix":2,"bm":0,"ix":7,"mn":"ADBE Vector Group","hd":false},{"ty":"gr","it":[{"ind":0,"ty":"sh","ix":1,"ks":{"a":0,"k":{"i":[[-4.418,0],[0,0],[0,-4.418],[0,0],[4.418,0],[0,0],[0,4.418],[0,0]],"o":[[0,0],[4.418,0],[0,0],[0,4.418],[0,0],[-4.418,0],[0,0],[0,-4.418]],"v":[[-28.623,-64.148],[28.623,-64.148],[36.623,-56.148],[36.623,56.148],[28.623,64.148],[-28.623,64.148],[-36.623,56.148],[-36.623,-56.148]],"c":true},"ix":2},"nm":"Trazado 1","mn":"ADBE Vector Shape - Group","hd":false},{"ty":"fl","c":{"a":0,"k":[0.642999985639,0.870999983245,1,1],"ix":4},"o":{"a":0,"k":100,"ix":5},"r":1,"bm":0,"nm":"Relleno 1","mn":"ADBE Vector Graphic - Fill","hd":false},{"ty":"tr","p":{"a":0,"k":[54.139,65.448],"ix":2},"a":{"a":0,"k":[0,0],"ix":1},"s":{"a":0,"k":[100,100],"ix":3},"r":{"a":0,"k":0,"ix":6},"o":{"a":0,"k":100,"ix":7},"sk":{"a":0,"k":0,"ix":4},"sa":{"a":0,"k":0,"ix":5},"nm":"Transformar"}],"nm":"Grupo 8","np":4,"cix":2,"bm":0,"ix":8,"mn":"ADBE Vector Group","hd":false},{"ty":"gr","it":[{"ind":0,"ty":"sh","ix":1,"ks":{"a":0,"k":{"i":[[3.019,-3.031],[-3.037,-3.051],[0,0],[-0.012,-0.011],[-3.019,3.031],[3.037,3.05],[0,0],[0.012,0.012]],"o":[[-3.037,3.049],[0,0],[0.013,0.012],[3.03,3.019],[3.037,-3.05],[0,0],[-0.013,-0.012],[-3.03,-3.019]],"v":[[-12.526,-12.586],[-12.527,-1.555],[1.548,12.586],[1.573,12.609],[12.526,12.587],[12.527,1.556],[-1.548,-12.585],[-1.573,-12.609]],"c":true},"ix":2},"nm":"Trazado 1","mn":"ADBE Vector Shape - Group","hd":false},{"ty":"st","c":{"a":0,"k":[0.2,0.2,0.2,1],"ix":3},"o":{"a":0,"k":100,"ix":4},"w":{"a":0,"k":1,"ix":5},"lc":1,"lj":1,"ml":4,"bm":0,"nm":"Trazo 1","mn":"ADBE Vector Graphic - Stroke","hd":false},{"ty":"tr","p":{"a":0,"k":[16.564,29.754],"ix":2},"a":{"a":0,"k":[0,0],"ix":1},"s":{"a":0,"k":[100,100],"ix":3},"r":{"a":0,"k":0,"ix":6},"o":{"a":0,"k":100,"ix":7},"sk":{"a":0,"k":0,"ix":4},"sa":{"a":0,"k":0,"ix":5},"nm":"Transformar"}],"nm":"Grupo 9","np":2,"cix":2,"bm":0,"ix":9,"mn":"ADBE Vector Group","hd":false},{"ty":"gr","it":[{"ind":0,"ty":"sh","ix":1,"ks":{"a":0,"k":{"i":[[3.019,-3.031],[-3.037,-3.051],[0,0],[-0.012,-0.011],[-3.019,3.031],[3.037,3.05],[0,0],[0.012,0.012]],"o":[[-3.037,3.049],[0,0],[0.013,0.012],[3.03,3.019],[3.037,-3.05],[0,0],[-0.013,-0.012],[-3.03,-3.019]],"v":[[-12.526,-12.586],[-12.527,-1.555],[1.548,12.586],[1.573,12.609],[12.526,12.587],[12.527,1.556],[-1.548,-12.585],[-1.573,-12.609]],"c":true},"ix":2},"nm":"Trazado 1","mn":"ADBE Vector Shape - Group","hd":false},{"ty":"fl","c":{"a":0,"k":[1,1,1,1],"ix":4},"o":{"a":0,"k":100,"ix":5},"r":1,"bm":0,"nm":"Relleno 1","mn":"ADBE Vector Graphic - Fill","hd":false},{"ty":"tr","p":{"a":0,"k":[16.564,29.754],"ix":2},"a":{"a":0,"k":[0,0],"ix":1},"s":{"a":0,"k":[100,100],"ix":3},"r":{"a":0,"k":0,"ix":6},"o":{"a":0,"k":100,"ix":7},"sk":{"a":0,"k":0,"ix":4},"sa":{"a":0,"k":0,"ix":5},"nm":"Transformar"}],"nm":"Grupo 10","np":4,"cix":2,"bm":0,"ix":10,"mn":"ADBE Vector Group","hd":false},{"ty":"gr","it":[{"ind":0,"ty":"sh","ix":1,"ks":{"a":0,"k":{"i":[[0,0],[0,0],[0,2.139],[-4.585,0],[0,0],[0,0],[4.968,-5.873],[0,0]],"o":[[0,0],[0.003,-2.76],[0,-5.493],[6.703,0],[0,0],[0,0],[-4.969,5.873],[0,0]],"v":[[-1.971,-8.732],[-1.965,-15.14],[-1.564,-22.418],[5.771,-30.658],[12.475,-23.333],[12.475,-0.122],[7.605,12.241],[-12.572,30.658]],"c":false},"ix":2},"nm":"Trazado 1","mn":"ADBE Vector Shape - Group","hd":false},{"ty":"st","c":{"a":0,"k":[0.282000014361,0.282000014361,0.282000014361,1],"ix":3},"o":{"a":0,"k":100,"ix":4},"w":{"a":0,"k":1,"ix":5},"lc":2,"lj":2,"bm":0,"nm":"Trazo 1","mn":"ADBE Vector Graphic - Stroke","hd":false},{"ty":"tr","p":{"a":0,"k":[91.559,79.568],"ix":2},"a":{"a":0,"k":[0,0],"ix":1},"s":{"a":0,"k":[100,100],"ix":3},"r":{"a":0,"k":0,"ix":6},"o":{"a":0,"k":100,"ix":7},"sk":{"a":0,"k":0,"ix":4},"sa":{"a":0,"k":0,"ix":5},"nm":"Transformar"}],"nm":"Grupo 11","np":2,"cix":2,"bm":0,"ix":11,"mn":"ADBE Vector Group","hd":false},{"ty":"gr","it":[{"ind":0,"ty":"sh","ix":1,"ks":{"a":0,"k":{"i":[[0,0],[0,0],[0,2.139],[-4.585,0],[0,0],[0,0],[4.968,-5.873],[0,0]],"o":[[0,0],[0.003,-2.76],[0,-5.493],[6.703,0],[0,0],[0,0],[-4.969,5.873],[0,0]],"v":[[-1.971,-8.732],[-1.965,-15.14],[-1.564,-22.418],[5.771,-30.658],[12.475,-23.333],[12.475,-0.122],[7.605,12.241],[-12.572,30.658]],"c":false},"ix":2},"nm":"Trazado 1","mn":"ADBE Vector Shape - Group","hd":false},{"ty":"fl","c":{"a":0,"k":[1,1,1,1],"ix":4},"o":{"a":0,"k":100,"ix":5},"r":1,"bm":0,"nm":"Relleno 1","mn":"ADBE Vector Graphic - Fill","hd":false},{"ty":"tr","p":{"a":0,"k":[91.559,79.568],"ix":2},"a":{"a":0,"k":[0,0],"ix":1},"s":{"a":0,"k":[100,100],"ix":3},"r":{"a":0,"k":0,"ix":6},"o":{"a":0,"k":100,"ix":7},"sk":{"a":0,"k":0,"ix":4},"sa":{"a":0,"k":0,"ix":5},"nm":"Transformar"}],"nm":"Grupo 12","np":4,"cix":2,"bm":0,"ix":12,"mn":"ADBE Vector Group","hd":false},{"ty":"gr","it":[{"ind":0,"ty":"sh","ix":1,"ks":{"a":0,"k":{"i":[[0,0],[0,0]],"o":[[0,0],[0,0]],"v":[[22.89,7.286],[22.89,10.033]],"c":false},"ix":2},"nm":"Trazado 1","mn":"ADBE Vector Shape - Group","hd":false},{"ind":1,"ty":"sh","ix":2,"ks":{"a":0,"k":{"i":[[0,0],[0,0],[0,0],[0,0]],"o":[[0,0],[0,0],[0,0],[0,0]],"v":[[-22.89,5.455],[-22.89,-5.531],[22.89,-5.531],[22.89,5.532]],"c":false},"ix":2},"nm":"Trazado 2","mn":"ADBE Vector Shape - Group","hd":false},{"ty":"mm","mm":1,"nm":"Combinar trazados 1","mn":"ADBE Vector Filter - Merge","hd":false},{"ty":"st","c":{"a":0,"k":[0.2,0.2,0.2,1],"ix":3},"o":{"a":0,"k":100,"ix":4},"w":{"a":0,"k":1,"ix":5},"lc":2,"lj":2,"bm":0,"nm":"Trazo 1","mn":"ADBE Vector Graphic - Stroke","hd":false},{"ty":"tr","p":{"a":0,"k":[54.139,132.267],"ix":2},"a":{"a":0,"k":[0,0],"ix":1},"s":{"a":0,"k":[100,100],"ix":3},"r":{"a":0,"k":0,"ix":6},"o":{"a":0,"k":100,"ix":7},"sk":{"a":0,"k":0,"ix":4},"sa":{"a":0,"k":0,"ix":5},"nm":"Transformar"}],"nm":"Grupo 13","np":4,"cix":2,"bm":0,"ix":13,"mn":"ADBE Vector Group","hd":false},{"ty":"gr","it":[{"ind":0,"ty":"sh","ix":1,"ks":{"a":0,"k":{"i":[[0,0],[0,0],[0,0],[0,0]],"o":[[0,0],[0,0],[0,0],[0,0]],"v":[[-22.89,7.783],[22.89,7.783],[22.89,-7.783],[-22.89,-7.783]],"c":true},"ix":2},"nm":"Trazado 1","mn":"ADBE Vector Shape - Group","hd":false},{"ty":"fl","c":{"a":0,"k":[1,1,1,1],"ix":4},"o":{"a":0,"k":100,"ix":5},"r":1,"bm":0,"nm":"Relleno 1","mn":"ADBE Vector Graphic - Fill","hd":false},{"ty":"tr","p":{"a":0,"k":[54.138,134.518],"ix":2},"a":{"a":0,"k":[0,0],"ix":1},"s":{"a":0,"k":[100,100],"ix":3},"r":{"a":0,"k":0,"ix":6},"o":{"a":0,"k":100,"ix":7},"sk":{"a":0,"k":0,"ix":4},"sa":{"a":0,"k":0,"ix":5},"nm":"Transformar"}],"nm":"Grupo 14","np":2,"cix":2,"bm":0,"ix":14,"mn":"ADBE Vector Group","hd":false}],"ip":0,"op":90.0000036657751,"st":0,"bm":0},{"ddd":0,"ind":12,"ty":4,"nm":"banco/Onboarding-v2 contornos","sr":1,"ks":{"o":{"a":0,"k":100,"ix":11},"r":{"a":0,"k":0,"ix":10},"p":{"a":1,"k":[{"i":{"x":0.833,"y":0.833},"o":{"x":0.167,"y":0.167},"t":-1,"s":[62,125,0],"to":[0.259,0,0],"ti":[-1.198,0,0]},{"i":{"x":0.833,"y":0.833},"o":{"x":0.167,"y":0.167},"t":0,"s":[64.636,111.5,0],"to":[2.358,0,0],"ti":[-1.393,0,0]},{"i":{"x":0.833,"y":0.833},"o":{"x":0.167,"y":0.167},"t":2,"s":[71.537,111.5,0],"to":[1.65,0,0],"ti":[0.238,0,0]},{"i":{"x":0.833,"y":0.833},"o":{"x":0.167,"y":0.167},"t":5,"s":[59.75,111.5,0],"to":[-0.204,0,0],"ti":[1.574,0,0]},{"i":{"x":0.833,"y":0.833},"o":{"x":0.167,"y":0.167},"t":8,"s":[70.948,111.5,0],"to":[-0.488,0,0],"ti":[0.649,0,0]},{"i":{"x":0.833,"y":0.833},"o":{"x":0.167,"y":0.167},"t":10,"s":[59.996,111.5,0],"to":[-0.581,0,0],"ti":[0.252,0,0]},{"i":{"x":0.833,"y":0.833},"o":{"x":0.167,"y":0.167},"t":12,"s":[68.275,111.5,0],"to":[-0.969,0,0],"ti":[0.1,0,0]},{"i":{"x":0.833,"y":0.833},"o":{"x":0.167,"y":0.167},"t":14,"s":[61.25,111.5,0],"to":[-0.117,0,0],"ti":[-2.304,0,0]},{"i":{"x":0.833,"y":0.833},"o":{"x":0.167,"y":0.167},"t":16,"s":[69.282,111.5,0],"to":[0.387,0,0],"ti":[-0.229,0,0]},{"t":17.0000006924242,"s":[65.447,111.5,0]}],"ix":2},"a":{"a":0,"k":[14.385,80.909,0],"ix":1},"s":{"a":0,"k":[100,100,100],"ix":6}},"ao":0,"shapes":[{"ty":"gr","it":[{"ind":0,"ty":"sh","ix":1,"ks":{"a":0,"k":{"i":[[0,0],[0,0],[0,0.276],[0,0],[-0.276,0],[0,0],[0,-0.276],[0,0],[0.276,0],[0,0]],"o":[[0,0],[-0.276,0],[0,0],[0,-0.276],[0,0],[0.276,0],[0,0],[0,0.276],[0,0],[0,0]],"v":[[-35.745,3.257],[-48.395,3.257],[-48.895,2.757],[-48.895,-2.757],[-48.395,-3.257],[48.395,-3.257],[48.895,-2.757],[48.895,2.757],[48.395,3.257],[-18.536,3.257]],"c":false},"ix":2},"nm":"Trazado 1","mn":"ADBE Vector Shape - Group","hd":false},{"ty":"st","c":{"a":0,"k":[0.929000016755,0.929000016755,0.929000016755,1],"ix":3},"o":{"a":0,"k":100,"ix":4},"w":{"a":0,"k":1,"ix":5},"lc":1,"lj":1,"ml":4,"bm":0,"nm":"Trazo 1","mn":"ADBE Vector Graphic - Stroke","hd":false},{"ty":"tr","p":{"a":0,"k":[50.501,95.591],"ix":2},"a":{"a":0,"k":[0,0],"ix":1},"s":{"a":0,"k":[100,100],"ix":3},"r":{"a":0,"k":0,"ix":6},"o":{"a":0,"k":100,"ix":7},"sk":{"a":0,"k":0,"ix":4},"sa":{"a":0,"k":0,"ix":5},"nm":"Transformar"}],"nm":"Grupo 1","np":2,"cix":2,"bm":0,"ix":1,"mn":"ADBE Vector Group","hd":false},{"ty":"gr","it":[{"ind":0,"ty":"sh","ix":1,"ks":{"a":0,"k":{"i":[[0,0],[0,0],[0.276,0],[0,0],[0,0.276],[0,0],[-0.341,-0.233],[0,0]],"o":[[0,0],[0,0.276],[0,0],[-0.276,0],[0,0],[0.34,-0.233],[0,0],[0,0]],"v":[[15.066,-6.946],[49.5,16.59],[49,17.09],[-49,17.09],[-49.5,16.59],[-0.564,-16.857],[0.565,-16.857],[8.19,-11.645]],"c":false},"ix":2},"nm":"Trazado 1","mn":"ADBE Vector Shape - Group","hd":false},{"ty":"st","c":{"a":0,"k":[0.929000016755,0.929000016755,0.929000016755,1],"ix":3},"o":{"a":0,"k":100,"ix":4},"w":{"a":0,"k":1,"ix":5},"lc":1,"lj":1,"ml":4,"bm":0,"nm":"Trazo 1","mn":"ADBE Vector Graphic - Stroke","hd":false},{"ty":"tr","p":{"a":0,"k":[50.5,18.09],"ix":2},"a":{"a":0,"k":[0,0],"ix":1},"s":{"a":0,"k":[100,100],"ix":3},"r":{"a":0,"k":0,"ix":6},"o":{"a":0,"k":100,"ix":7},"sk":{"a":0,"k":0,"ix":4},"sa":{"a":0,"k":0,"ix":5},"nm":"Transformar"}],"nm":"Grupo 2","np":2,"cix":2,"bm":0,"ix":2,"mn":"ADBE Vector Group","hd":false},{"ty":"gr","it":[{"ind":0,"ty":"sh","ix":1,"ks":{"a":0,"k":{"i":[[0,0],[0,0],[0,0],[-0.552,0],[0,0],[0,-0.552]],"o":[[0,0],[0,0],[0,-0.552],[0,0],[0.552,0],[0,0]],"v":[[8.146,1.739],[-8.146,1.739],[-8.146,-0.739],[-7.146,-1.739],[7.146,-1.739],[8.146,-0.739]],"c":true},"ix":2},"nm":"Trazado 1","mn":"ADBE Vector Shape - Group","hd":false},{"ty":"st","c":{"a":0,"k":[0.929000016755,0.929000016755,0.929000016755,1],"ix":3},"o":{"a":0,"k":100,"ix":4},"w":{"a":0,"k":1,"ix":5},"lc":1,"lj":1,"ml":4,"bm":0,"nm":"Trazo 1","mn":"ADBE Vector Graphic - Stroke","hd":false},{"ty":"tr","p":{"a":0,"k":[84.286,90.596],"ix":2},"a":{"a":0,"k":[0,0],"ix":1},"s":{"a":0,"k":[100,100],"ix":3},"r":{"a":0,"k":0,"ix":6},"o":{"a":0,"k":100,"ix":7},"sk":{"a":0,"k":0,"ix":4},"sa":{"a":0,"k":0,"ix":5},"nm":"Transformar"}],"nm":"Grupo 3","np":2,"cix":2,"bm":0,"ix":3,"mn":"ADBE Vector Group","hd":false},{"ty":"gr","it":[{"ind":0,"ty":"sh","ix":1,"ks":{"a":0,"k":{"i":[[0,0],[0,0],[0,0],[-0.552,0],[0,0],[0,-0.552]],"o":[[0,0],[0,0],[0,-0.552],[0,0],[0.552,0],[0,0]],"v":[[8.145,1.739],[-8.145,1.739],[-8.145,-0.739],[-7.145,-1.739],[7.145,-1.739],[8.145,-0.739]],"c":true},"ix":2},"nm":"Trazado 1","mn":"ADBE Vector Shape - Group","hd":false},{"ty":"st","c":{"a":0,"k":[0.929000016755,0.929000016755,0.929000016755,1],"ix":3},"o":{"a":0,"k":100,"ix":4},"w":{"a":0,"k":1,"ix":5},"lc":1,"lj":1,"ml":4,"bm":0,"nm":"Trazo 1","mn":"ADBE Vector Graphic - Stroke","hd":false},{"ty":"tr","p":{"a":0,"k":[16.277,90.596],"ix":2},"a":{"a":0,"k":[0,0],"ix":1},"s":{"a":0,"k":[100,100],"ix":3},"r":{"a":0,"k":0,"ix":6},"o":{"a":0,"k":100,"ix":7},"sk":{"a":0,"k":0,"ix":4},"sa":{"a":0,"k":0,"ix":5},"nm":"Transformar"}],"nm":"Grupo 4","np":2,"cix":2,"bm":0,"ix":4,"mn":"ADBE Vector Group","hd":false},{"ty":"gr","it":[{"ind":0,"ty":"sh","ix":1,"ks":{"a":0,"k":{"i":[[0,0],[0,0],[0,0],[-0.552,0],[0,0],[0,-0.552]],"o":[[0,0],[0,0],[0,-0.552],[0,0],[0.553,0],[0,0]],"v":[[8.145,1.739],[-8.145,1.739],[-8.145,-0.739],[-7.145,-1.739],[7.145,-1.739],[8.145,-0.739]],"c":true},"ix":2},"nm":"Trazado 1","mn":"ADBE Vector Shape - Group","hd":false},{"ty":"st","c":{"a":0,"k":[0.929000016755,0.929000016755,0.929000016755,1],"ix":3},"o":{"a":0,"k":100,"ix":4},"w":{"a":0,"k":1,"ix":5},"lc":1,"lj":1,"ml":4,"bm":0,"nm":"Trazo 1","mn":"ADBE Vector Graphic - Stroke","hd":false},{"ty":"tr","p":{"a":0,"k":[50.5,90.596],"ix":2},"a":{"a":0,"k":[0,0],"ix":1},"s":{"a":0,"k":[100,100],"ix":3},"r":{"a":0,"k":0,"ix":6},"o":{"a":0,"k":100,"ix":7},"sk":{"a":0,"k":0,"ix":4},"sa":{"a":0,"k":0,"ix":5},"nm":"Transformar"}],"nm":"Grupo 5","np":2,"cix":2,"bm":0,"ix":5,"mn":"ADBE Vector Group","hd":false},{"ty":"gr","it":[{"ind":0,"ty":"sh","ix":1,"ks":{"a":0,"k":{"i":[[0,0],[0,0],[0,0],[0,0]],"o":[[0,0],[0,0],[0,0],[0,0]],"v":[[6.048,22.958],[-6.048,22.958],[-6.048,-22.958],[6.048,-22.958]],"c":true},"ix":2},"nm":"Trazado 1","mn":"ADBE Vector Shape - Group","hd":false},{"ty":"st","c":{"a":0,"k":[0.929000016755,0.929000016755,0.929000016755,1],"ix":3},"o":{"a":0,"k":100,"ix":4},"w":{"a":0,"k":1,"ix":5},"lc":1,"lj":1,"ml":4,"bm":0,"nm":"Trazo 1","mn":"ADBE Vector Graphic - Stroke","hd":false},{"ty":"tr","p":{"a":0,"k":[16.276,65.9],"ix":2},"a":{"a":0,"k":[0,0],"ix":1},"s":{"a":0,"k":[100,100],"ix":3},"r":{"a":0,"k":0,"ix":6},"o":{"a":0,"k":100,"ix":7},"sk":{"a":0,"k":0,"ix":4},"sa":{"a":0,"k":0,"ix":5},"nm":"Transformar"}],"nm":"Grupo 6","np":2,"cix":2,"bm":0,"ix":6,"mn":"ADBE Vector Group","hd":false},{"ty":"gr","it":[{"ind":0,"ty":"sh","ix":1,"ks":{"a":0,"k":{"i":[[0,0],[0,0],[0,0],[0,0]],"o":[[0,0],[0,0],[0,0],[0,0]],"v":[[6.048,22.958],[-6.048,22.958],[-6.048,-22.958],[6.048,-22.958]],"c":true},"ix":2},"nm":"Trazado 1","mn":"ADBE Vector Shape - Group","hd":false},{"ty":"st","c":{"a":0,"k":[0.929000016755,0.929000016755,0.929000016755,1],"ix":3},"o":{"a":0,"k":100,"ix":4},"w":{"a":0,"k":1,"ix":5},"lc":1,"lj":1,"ml":4,"bm":0,"nm":"Trazo 1","mn":"ADBE Vector Graphic - Stroke","hd":false},{"ty":"tr","p":{"a":0,"k":[84.287,65.9],"ix":2},"a":{"a":0,"k":[0,0],"ix":1},"s":{"a":0,"k":[100,100],"ix":3},"r":{"a":0,"k":0,"ix":6},"o":{"a":0,"k":100,"ix":7},"sk":{"a":0,"k":0,"ix":4},"sa":{"a":0,"k":0,"ix":5},"nm":"Transformar"}],"nm":"Grupo 7","np":2,"cix":2,"bm":0,"ix":7,"mn":"ADBE Vector Group","hd":false},{"ty":"gr","it":[{"ind":0,"ty":"sh","ix":1,"ks":{"a":0,"k":{"i":[[0,0],[0,0],[0,0],[0,0]],"o":[[0,0],[0,0],[0,0],[0,0]],"v":[[6.048,22.958],[-6.048,22.958],[-6.048,-22.958],[6.048,-22.958]],"c":true},"ix":2},"nm":"Trazado 1","mn":"ADBE Vector Shape - Group","hd":false},{"ty":"st","c":{"a":0,"k":[0.929000016755,0.929000016755,0.929000016755,1],"ix":3},"o":{"a":0,"k":100,"ix":4},"w":{"a":0,"k":1,"ix":5},"lc":1,"lj":1,"ml":4,"bm":0,"nm":"Trazo 1","mn":"ADBE Vector Graphic - Stroke","hd":false},{"ty":"tr","p":{"a":0,"k":[50.5,65.9],"ix":2},"a":{"a":0,"k":[0,0],"ix":1},"s":{"a":0,"k":[100,100],"ix":3},"r":{"a":0,"k":0,"ix":6},"o":{"a":0,"k":100,"ix":7},"sk":{"a":0,"k":0,"ix":4},"sa":{"a":0,"k":0,"ix":5},"nm":"Transformar"}],"nm":"Grupo 8","np":2,"cix":2,"bm":0,"ix":8,"mn":"ADBE Vector Group","hd":false},{"ty":"gr","it":[{"ind":0,"ty":"sh","ix":1,"ks":{"a":0,"k":{"i":[[0.276,0],[0,0],[0,0.276],[0,0],[0,0],[0,0]],"o":[[0,0],[-0.276,0],[0,0],[0,0],[0,0],[0,0.276]],"v":[[44.581,1.941],[-44.581,1.941],[-45.081,1.441],[-45.081,-1.941],[45.081,-1.941],[45.081,1.441]],"c":true},"ix":2},"nm":"Trazado 1","mn":"ADBE Vector Shape - Group","hd":false},{"ty":"st","c":{"a":0,"k":[0.929000016755,0.929000016755,0.929000016755,1],"ix":3},"o":{"a":0,"k":100,"ix":4},"w":{"a":0,"k":1,"ix":5},"lc":1,"lj":1,"ml":4,"bm":0,"nm":"Trazo 1","mn":"ADBE Vector Graphic - Stroke","hd":false},{"ty":"tr","p":{"a":0,"k":[50.309,37.119],"ix":2},"a":{"a":0,"k":[0,0],"ix":1},"s":{"a":0,"k":[100,100],"ix":3},"r":{"a":0,"k":0,"ix":6},"o":{"a":0,"k":100,"ix":7},"sk":{"a":0,"k":0,"ix":4},"sa":{"a":0,"k":0,"ix":5},"nm":"Transformar"}],"nm":"Grupo 9","np":2,"cix":2,"bm":0,"ix":9,"mn":"ADBE Vector Group","hd":false},{"ty":"gr","it":[{"ind":0,"ty":"sh","ix":1,"ks":{"a":0,"k":{"i":[[0.276,0],[0,0],[0,0.275],[0,0],[0,0],[0,0]],"o":[[0,0],[-0.276,0],[0,0],[0,0],[0,0],[0,0.275]],"v":[[7.42,1.941],[-7.42,1.941],[-7.92,1.441],[-7.92,-1.941],[7.92,-1.941],[7.92,1.441]],"c":true},"ix":2},"nm":"Trazado 1","mn":"ADBE Vector Shape - Group","hd":false},{"ty":"st","c":{"a":0,"k":[0.929000016755,0.929000016755,0.929000016755,1],"ix":3},"o":{"a":0,"k":100,"ix":4},"w":{"a":0,"k":1,"ix":5},"lc":1,"lj":1,"ml":4,"bm":0,"nm":"Trazo 1","mn":"ADBE Vector Graphic - Stroke","hd":false},{"ty":"tr","p":{"a":0,"k":[16.276,41],"ix":2},"a":{"a":0,"k":[0,0],"ix":1},"s":{"a":0,"k":[100,100],"ix":3},"r":{"a":0,"k":0,"ix":6},"o":{"a":0,"k":100,"ix":7},"sk":{"a":0,"k":0,"ix":4},"sa":{"a":0,"k":0,"ix":5},"nm":"Transformar"}],"nm":"Grupo 10","np":2,"cix":2,"bm":0,"ix":10,"mn":"ADBE Vector Group","hd":false},{"ty":"gr","it":[{"ind":0,"ty":"sh","ix":1,"ks":{"a":0,"k":{"i":[[0.276,0],[0,0],[0,0.275],[0,0],[0,0],[0,0]],"o":[[0,0],[-0.276,0],[0,0],[0,0],[0,0],[0,0.275]],"v":[[7.42,1.941],[-7.42,1.941],[-7.92,1.441],[-7.92,-1.941],[7.92,-1.941],[7.92,1.441]],"c":true},"ix":2},"nm":"Trazado 1","mn":"ADBE Vector Shape - Group","hd":false},{"ty":"st","c":{"a":0,"k":[0.929000016755,0.929000016755,0.929000016755,1],"ix":3},"o":{"a":0,"k":100,"ix":4},"w":{"a":0,"k":1,"ix":5},"lc":1,"lj":1,"ml":4,"bm":0,"nm":"Trazo 1","mn":"ADBE Vector Graphic - Stroke","hd":false},{"ty":"tr","p":{"a":0,"k":[84.287,41],"ix":2},"a":{"a":0,"k":[0,0],"ix":1},"s":{"a":0,"k":[100,100],"ix":3},"r":{"a":0,"k":0,"ix":6},"o":{"a":0,"k":100,"ix":7},"sk":{"a":0,"k":0,"ix":4},"sa":{"a":0,"k":0,"ix":5},"nm":"Transformar"}],"nm":"Grupo 11","np":2,"cix":2,"bm":0,"ix":11,"mn":"ADBE Vector Group","hd":false},{"ty":"gr","it":[{"ind":0,"ty":"sh","ix":1,"ks":{"a":0,"k":{"i":[[0.276,0],[0,0],[0,0.275],[0,0],[0,0],[0,0]],"o":[[0,0],[-0.276,0],[0,0],[0,0],[0,0],[0,0.275]],"v":[[7.42,1.941],[-7.42,1.941],[-7.92,1.441],[-7.92,-1.941],[7.92,-1.941],[7.92,1.441]],"c":true},"ix":2},"nm":"Trazado 1","mn":"ADBE Vector Shape - Group","hd":false},{"ty":"st","c":{"a":0,"k":[0.929000016755,0.929000016755,0.929000016755,1],"ix":3},"o":{"a":0,"k":100,"ix":4},"w":{"a":0,"k":1,"ix":5},"lc":1,"lj":1,"ml":4,"bm":0,"nm":"Trazo 1","mn":"ADBE Vector Graphic - Stroke","hd":false},{"ty":"tr","p":{"a":0,"k":[50.5,41],"ix":2},"a":{"a":0,"k":[0,0],"ix":1},"s":{"a":0,"k":[100,100],"ix":3},"r":{"a":0,"k":0,"ix":6},"o":{"a":0,"k":100,"ix":7},"sk":{"a":0,"k":0,"ix":4},"sa":{"a":0,"k":0,"ix":5},"nm":"Transformar"}],"nm":"Grupo 12","np":2,"cix":2,"bm":0,"ix":12,"mn":"ADBE Vector Group","hd":false},{"ty":"gr","it":[{"ind":0,"ty":"sh","ix":1,"ks":{"a":0,"k":{"i":[[0.002,-0.797],[-1.995,-0.614],[0,0],[0.001,-0.567],[0.757,-0.102],[0.157,0],[0.275,0.056],[0.551,0.477],[0.175,-0.001],[0.001,-0.539],[-0.251,-0.194],[-0.927,-0.133],[0,0],[-0.573,0.699],[0,0.039],[0,0],[-0.005,1.662],[1.994,0.589],[0,0],[-0.001,0.558],[-0.724,0.085],[-0.159,0.001],[-0.258,-0.084],[-0.445,-0.32],[-0.144,0.001],[-0.002,0.539],[0.279,0.188],[0.697,0.111],[0,0],[0.023,0.027],[0.002,-0.659],[0,0],[0.469,-0.563]],"o":[[-0.004,1.699],[0,0],[1,0.369],[-0.002,0.684],[-0.002,0],[-0.187,0.001],[-0.532,-0.107],[-0.132,-0.123],[-0.45,0.002],[-0.001,0.347],[0.783,0.66],[0,0],[-0.001,0.659],[0.022,-0.028],[0,0],[1.658,-0.232],[0.004,-1.693],[0,0],[-0.973,-0.375],[0.002,-0.662],[0.003,0],[0.18,0],[0.331,0.107],[0.144,0.102],[0.457,-0.002],[0.001,-0.356],[-0.603,-0.454],[0,0],[0,-0.039],[-0.568,-0.696],[0,0],[-0.848,0.105],[-0.436,0.522]],"v":[[-3.204,-2.459],[-0.404,0.798],[0.6,1.084],[1.794,2.42],[0.615,3.639],[0.355,3.649],[-0.372,3.583],[-2.215,2.588],[-2.697,2.396],[-3.501,3.36],[-3.117,4.189],[-0.542,5.383],[-0.544,6.227],[0.729,6.653],[0.764,6.547],[0.768,5.41],[3.499,2.307],[0.66,-0.95],[-0.343,-1.266],[-1.499,-2.573],[-0.356,-3.746],[-0.089,-3.761],[0.617,-3.661],[1.906,-3.005],[2.34,-2.853],[3.158,-3.816],[2.73,-4.649],[0.797,-5.488],[0.799,-6.551],[0.764,-6.656],[-0.51,-6.221],[-0.512,-5.502],[-2.521,-4.465]],"c":true},"ix":2},"nm":"Trazado 1","mn":"ADBE Vector Shape - Group","hd":false},{"ty":"fl","c":{"a":0,"k":[0.929000016755,0.929000016755,0.929000016755,1],"ix":4},"o":{"a":0,"k":100,"ix":5},"r":1,"bm":0,"nm":"Relleno 1","mn":"ADBE Vector Graphic - Fill","hd":false},{"ty":"tr","p":{"a":0,"k":[50.281,20.312],"ix":2},"a":{"a":0,"k":[0,0],"ix":1},"s":{"a":0,"k":[100,100],"ix":3},"r":{"a":0,"k":0,"ix":6},"o":{"a":0,"k":100,"ix":7},"sk":{"a":0,"k":0,"ix":4},"sa":{"a":0,"k":0,"ix":5},"nm":"Transformar"}],"nm":"Grupo 13","np":4,"cix":2,"bm":0,"ix":13,"mn":"ADBE Vector Group","hd":false}],"ip":-3.00000012219251,"op":98.0000039916218,"st":-2.00000008146167,"bm":0},{"ddd":0,"ind":13,"ty":4,"nm":"fondo/Onboarding-v2 contornos","sr":1,"ks":{"o":{"a":0,"k":100,"ix":11},"r":{"a":0,"k":0,"ix":10},"p":{"a":0,"k":[179.5,76.5,0],"ix":2},"a":{"a":0,"k":[176,54.5,0],"ix":1},"s":{"a":0,"k":[100,100,100],"ix":6}},"ao":0,"shapes":[{"ty":"gr","it":[{"ind":0,"ty":"sh","ix":1,"ks":{"a":0,"k":{"i":[[0,0],[4.931,0],[0,-16.181],[-11.117,-4.159]],"o":[[-4.078,-2.152],[-16.181,0],[0,12.568],[0,0]],"v":[[21.478,-25.002],[7.821,-28.373],[-21.478,0.925],[-2.447,28.373]],"c":false},"ix":2},"nm":"Trazado 1","mn":"ADBE Vector Shape - Group","hd":false},{"ty":"st","c":{"a":0,"k":[0.929000016755,0.929000016755,0.929000016755,1],"ix":3},"o":{"a":0,"k":100,"ix":4},"w":{"a":0,"k":1,"ix":5},"lc":1,"lj":1,"ml":4,"bm":0,"nm":"Trazo 1","mn":"ADBE Vector Graphic - Stroke","hd":false},{"ty":"tr","p":{"a":0,"k":[329.222,29.373],"ix":2},"a":{"a":0,"k":[0,0],"ix":1},"s":{"a":0,"k":[100,100],"ix":3},"r":{"a":0,"k":0,"ix":6},"o":{"a":0,"k":100,"ix":7},"sk":{"a":0,"k":0,"ix":4},"sa":{"a":0,"k":0,"ix":5},"nm":"Transformar"}],"nm":"Grupo 1","np":2,"cix":2,"bm":0,"ix":1,"mn":"ADBE Vector Group","hd":false},{"ty":"gr","it":[{"ind":0,"ty":"sh","ix":1,"ks":{"a":0,"k":{"i":[[0,0],[0,0]],"o":[[0,0],[0,0]],"v":[[43.934,107.391],[26.5,107.391]],"c":false},"ix":2},"nm":"Trazado 1","mn":"ADBE Vector Shape - Group","hd":false},{"ty":"st","c":{"a":0,"k":[0.929000016755,0.929000016755,0.929000016755,1],"ix":3},"o":{"a":0,"k":100,"ix":4},"w":{"a":0,"k":1,"ix":5},"lc":3,"lj":1,"ml":4,"bm":0,"nm":"Trazo 1","mn":"ADBE Vector Graphic - Stroke","hd":false},{"ty":"tr","p":{"a":0,"k":[0,0],"ix":2},"a":{"a":0,"k":[0,0],"ix":1},"s":{"a":0,"k":[100,100],"ix":3},"r":{"a":0,"k":0,"ix":6},"o":{"a":0,"k":100,"ix":7},"sk":{"a":0,"k":0,"ix":4},"sa":{"a":0,"k":0,"ix":5},"nm":"Transformar"}],"nm":"Grupo 2","np":2,"cix":2,"bm":0,"ix":2,"mn":"ADBE Vector Group","hd":false},{"ty":"gr","it":[{"ind":0,"ty":"sh","ix":1,"ks":{"a":0,"k":{"i":[[0,0],[0,0],[0,0],[0,0],[0,0],[0,0]],"o":[[0,0],[0,0],[0,0],[0,0],[0,0],[0,0]],"v":[[-85.094,7.012],[-55.762,7.02],[-56.025,-7.056],[29.082,-7.056],[29.082,7.043],[85.095,7.056]],"c":false},"ix":2},"nm":"Trazado 1","mn":"ADBE Vector Shape - Group","hd":false},{"ty":"st","c":{"a":0,"k":[0.929000016755,0.929000016755,0.929000016755,1],"ix":3},"o":{"a":0,"k":100,"ix":4},"w":{"a":0,"k":1,"ix":5},"lc":1,"lj":1,"ml":4,"bm":0,"nm":"Trazo 1","mn":"ADBE Vector Graphic - Stroke","hd":false},{"ty":"tr","p":{"a":0,"k":[241.448,100.664],"ix":2},"a":{"a":0,"k":[0,0],"ix":1},"s":{"a":0,"k":[100,100],"ix":3},"r":{"a":0,"k":0,"ix":6},"o":{"a":0,"k":100,"ix":7},"sk":{"a":0,"k":0,"ix":4},"sa":{"a":0,"k":0,"ix":5},"nm":"Transformar"}],"nm":"Grupo 3","np":2,"cix":2,"bm":0,"ix":3,"mn":"ADBE Vector Group","hd":false},{"ty":"gr","it":[{"ind":0,"ty":"sh","ix":1,"ks":{"a":0,"k":{"i":[[0,0],[0,0],[0,0]],"o":[[0,0],[0,0],[0,0]],"v":[[12.423,30.559],[12.5,-17.559],[-12.5,-30.559]],"c":false},"ix":2},"nm":"Trazado 1","mn":"ADBE Vector Shape - Group","hd":false},{"ty":"st","c":{"a":0,"k":[0.929000016755,0.929000016755,0.929000016755,1],"ix":3},"o":{"a":0,"k":100,"ix":4},"w":{"a":0,"k":1,"ix":5},"lc":1,"lj":1,"ml":4,"bm":0,"nm":"Trazo 1","mn":"ADBE Vector Graphic - Stroke","hd":false},{"ty":"tr","p":{"a":0,"k":[13.5,77.235],"ix":2},"a":{"a":0,"k":[0,0],"ix":1},"s":{"a":0,"k":[100,100],"ix":3},"r":{"a":0,"k":0,"ix":6},"o":{"a":0,"k":100,"ix":7},"sk":{"a":0,"k":0,"ix":4},"sa":{"a":0,"k":0,"ix":5},"nm":"Transformar"}],"nm":"Grupo 4","np":2,"cix":2,"bm":0,"ix":4,"mn":"ADBE Vector Group","hd":false},{"ty":"gr","it":[{"ind":0,"ty":"sh","ix":1,"ks":{"a":0,"k":{"i":[[0,0],[0,0],[0,0],[0,0],[0,0]],"o":[[0,0],[0,0],[0,0],[0,0],[0,0]],"v":[[-16.577,29.76],[-16.577,9.52],[0.478,9.52],[0.478,-29.76],[16.577,-29.76]],"c":false},"ix":2},"nm":"Trazado 1","mn":"ADBE Vector Shape - Group","hd":false},{"ty":"st","c":{"a":0,"k":[0.929000016755,0.929000016755,0.929000016755,1],"ix":3},"o":{"a":0,"k":100,"ix":4},"w":{"a":0,"k":1,"ix":5},"lc":1,"lj":1,"ml":4,"bm":0,"nm":"Trazo 1","mn":"ADBE Vector Graphic - Stroke","hd":false},{"ty":"tr","p":{"a":0,"k":[334.119,68.436],"ix":2},"a":{"a":0,"k":[0,0],"ix":1},"s":{"a":0,"k":[100,100],"ix":3},"r":{"a":0,"k":0,"ix":6},"o":{"a":0,"k":100,"ix":7},"sk":{"a":0,"k":0,"ix":4},"sa":{"a":0,"k":0,"ix":5},"nm":"Transformar"}],"nm":"Grupo 5","np":2,"cix":2,"bm":0,"ix":5,"mn":"ADBE Vector Group","hd":false}],"ip":-1.00000004073083,"op":94.0000038286985,"st":-1.00000004073083,"bm":0}],"markers":[]}